/*
Navicat MySQL Data Transfer

Source Server         : localhost_mybase
Source Server Version : 50508
Source Host           : localhost:3306
Source Database       : oa_c

Target Server Type    : MYSQL
Target Server Version : 50508
File Encoding         : 65001

Date: 2018-05-18 15:18:59
*/

SET FOREIGN_KEY_CHECKS=0;

-- ----------------------------
-- Table structure for `application`
-- ----------------------------
DROP TABLE IF EXISTS `application`;
CREATE TABLE `application` (
  `id` bigint(20) NOT NULL AUTO_INCREMENT,
  `title` varchar(255) DEFAULT NULL,
  `applyTime` datetime DEFAULT NULL,
  `path` varchar(255) DEFAULT NULL,
  `status` varchar(255) DEFAULT NULL,
  `templateId` bigint(20) DEFAULT NULL,
  `applicantId` bigint(20) DEFAULT NULL,
  PRIMARY KEY (`id`),
  KEY `FK5CA4055046572F5C` (`templateId`),
  KEY `FK5CA4055082050DB5` (`applicantId`),
  CONSTRAINT `FK5CA4055046572F5C` FOREIGN KEY (`templateId`) REFERENCES `template` (`id`),
  CONSTRAINT `FK5CA4055082050DB5` FOREIGN KEY (`applicantId`) REFERENCES `user` (`id`)
) ENGINE=InnoDB AUTO_INCREMENT=13 DEFAULT CHARSET=utf8;

-- ----------------------------
-- Records of application
-- ----------------------------
INSERT INTO `application` VALUES ('1', '请假模板_超级管理员_2018-04-27', '2018-04-27 10:32:22', 'F:\\apache-tomcat\\apache-tomcat-6.0.41\\webapps\\oaTYG\\WEB-INF\\upload_files/2018/04/27/ce03abe7-91ea-410e-871f-f906fa43ac97', '审批中', null, '3');
INSERT INTO `application` VALUES ('2', '请假模板_张三_2018-04-27', '2018-04-27 10:36:36', 'F:\\apache-tomcat\\apache-tomcat-6.0.41\\webapps\\oaTYG\\WEB-INF\\upload_files/2018/04/27/a1839d89-c5f5-4590-aa15-d83a609e25d0', '审批中', null, '1');
INSERT INTO `application` VALUES ('3', '请假模板_超级管理员_2018-04-27', '2018-04-27 10:38:23', 'F:\\apache-tomcat\\apache-tomcat-6.0.41\\webapps\\oaTYG\\WEB-INF\\upload_files/2018/04/27/eac88dd5-49b8-4d1b-ac9a-3716f5b47d91', '审批中', null, '3');
INSERT INTO `application` VALUES ('4', 'qingjia_超级管理员_2018-04-27', '2018-04-27 10:57:14', 'F:\\apache-tomcat\\apache-tomcat-6.0.41\\webapps\\oaTYG\\WEB-INF\\upload_files/2018/04/27/ad399897-24b6-4c41-a16a-d391d5b4e91e', '审批中', '3', '3');
INSERT INTO `application` VALUES ('5', 'qingjia_王五_2018-04-27', '2018-04-27 11:52:36', 'F:\\apache-tomcat\\apache-tomcat-6.0.41\\webapps\\oaTYG\\WEB-INF\\upload_files/2018/04/27/a153f594-8e06-4bc3-9a58-41e65ffa2d98', '审批中', '3', '5');
INSERT INTO `application` VALUES ('6', 'qingjia_王五_2018-04-27', '2018-04-27 11:54:49', 'F:\\apache-tomcat\\apache-tomcat-6.0.41\\webapps\\oaTYG\\WEB-INF\\upload_files/2018/04/27/3007d263-3fba-47b9-adcb-289c3297bbc6', '审批中', '3', '5');
INSERT INTO `application` VALUES ('7', 'qingjia_张三_2018-04-27', '2018-04-27 11:57:03', 'F:\\apache-tomcat\\apache-tomcat-6.0.41\\webapps\\oaTYG\\WEB-INF\\upload_files/2018/04/27/dff0a95a-a571-42cc-828b-e57dffeee018', '审批中', '3', '1');
INSERT INTO `application` VALUES ('8', 'qingjia_张三_2018-04-27', '2018-04-27 12:04:58', 'F:\\apache-tomcat\\apache-tomcat-6.0.41\\webapps\\oaTYG\\WEB-INF\\upload_files/2018/04/27/a889adc4-3fd7-4eab-be91-165ee7ba519b', '审批中', '3', '1');
INSERT INTO `application` VALUES ('9', 'qingjia_张三_2018-04-27', '2018-04-27 12:55:45', 'F:\\apache-tomcat\\apache-tomcat-6.0.41\\webapps\\oaTYG\\WEB-INF\\upload_files/2018/04/27/7f527e4d-0529-4bbd-9936-2e6883ac8e59', '审批中', '3', '1');
INSERT INTO `application` VALUES ('10', 'qingjia_张三_2018-04-27', '2018-04-27 13:04:59', 'F:\\apache-tomcat\\apache-tomcat-6.0.41\\webapps\\oaTYG\\WEB-INF\\upload_files/2018/04/27/262ebfc7-c724-49f7-ba99-729b110999d9', '已通过', '3', '1');
INSERT INTO `application` VALUES ('11', '请款_超级管理员_2018-04-27', '2018-04-27 13:15:28', 'F:\\apache-tomcat\\apache-tomcat-6.0.41\\webapps\\oaTYG\\WEB-INF\\upload_files/2018/04/27/bc3b4127-5dab-4bd0-824a-981c589ab7c1', '审批中', '4', '3');
INSERT INTO `application` VALUES ('12', '请款_张三_2018-04-27', '2018-04-27 13:36:28', 'F:\\apache-tomcat\\apache-tomcat-6.0.41\\webapps\\oaTYG\\WEB-INF\\upload_files/2018/04/27/6acfed36-099e-4469-af5c-b0045d4cb34c', '审批中', '4', '1');

-- ----------------------------
-- Table structure for `approveinfo`
-- ----------------------------
DROP TABLE IF EXISTS `approveinfo`;
CREATE TABLE `approveinfo` (
  `id` bigint(20) NOT NULL AUTO_INCREMENT,
  `approveTime` datetime DEFAULT NULL,
  `approval` bit(1) DEFAULT NULL,
  `comment` varchar(255) DEFAULT NULL,
  `applicationId` bigint(20) DEFAULT NULL,
  `approverId` bigint(20) DEFAULT NULL,
  PRIMARY KEY (`id`),
  KEY `FK29E16D9B5CEA14CE` (`applicationId`),
  KEY `FK29E16D9B584A70B8` (`approverId`),
  CONSTRAINT `FK29E16D9B584A70B8` FOREIGN KEY (`approverId`) REFERENCES `user` (`id`),
  CONSTRAINT `FK29E16D9B5CEA14CE` FOREIGN KEY (`applicationId`) REFERENCES `application` (`id`)
) ENGINE=InnoDB AUTO_INCREMENT=12 DEFAULT CHARSET=utf8;

-- ----------------------------
-- Records of approveinfo
-- ----------------------------
INSERT INTO `approveinfo` VALUES ('1', '2018-04-27 10:57:38', '', 'tongyi', '4', '4');
INSERT INTO `approveinfo` VALUES ('2', '2018-04-27 11:52:54', '', '', '5', '4');
INSERT INTO `approveinfo` VALUES ('3', '2018-04-27 11:55:10', '', 'aaaaaaaaaaaaaaaaaaaaaaaaaaaaaaa', '6', '4');
INSERT INTO `approveinfo` VALUES ('4', '2018-04-27 11:55:38', '', '123', '6', '5');
INSERT INTO `approveinfo` VALUES ('5', '2018-04-27 11:57:25', '', 'aaaaaaaaaaaaaaaaaaaaaaaaaaaaa', '7', '4');
INSERT INTO `approveinfo` VALUES ('6', '2018-04-27 11:57:44', '', 'bbbbbbbbbbbbbbbbbbbbbbbbbbbbbbbbb', '7', '5');
INSERT INTO `approveinfo` VALUES ('7', '2018-04-27 12:05:24', '', '123', '8', '4');
INSERT INTO `approveinfo` VALUES ('8', '2018-04-27 13:00:07', '', '统一', '9', '4');
INSERT INTO `approveinfo` VALUES ('9', '2018-04-27 13:02:51', '', '', '9', '5');
INSERT INTO `approveinfo` VALUES ('10', '2018-04-27 13:05:09', '', '', '10', '4');
INSERT INTO `approveinfo` VALUES ('11', '2018-04-27 13:05:23', '', '', '10', '5');

-- ----------------------------
-- Table structure for `department`
-- ----------------------------
DROP TABLE IF EXISTS `department`;
CREATE TABLE `department` (
  `id` bigint(20) NOT NULL AUTO_INCREMENT,
  `name` varchar(255) DEFAULT NULL,
  `description` varchar(255) DEFAULT NULL,
  `parentId` bigint(20) DEFAULT NULL,
  PRIMARY KEY (`id`),
  KEY `FK328E4352724BD724` (`parentId`),
  CONSTRAINT `FK328E4352724BD724` FOREIGN KEY (`parentId`) REFERENCES `department` (`id`)
) ENGINE=InnoDB AUTO_INCREMENT=17 DEFAULT CHARSET=utf8;

-- ----------------------------
-- Records of department
-- ----------------------------
INSERT INTO `department` VALUES ('6', '公司总部', '公司总部', null);
INSERT INTO `department` VALUES ('7', '产品部', '开发产品', '6');
INSERT INTO `department` VALUES ('12', '客服部', '客服部', '6');
INSERT INTO `department` VALUES ('13', '请问', '委屈', '7');
INSERT INTO `department` VALUES ('15', '集团总部', '集团总部as', null);
INSERT INTO `department` VALUES ('16', '子集团', '子集团', '15');

-- ----------------------------
-- Table structure for `forum`
-- ----------------------------
DROP TABLE IF EXISTS `forum`;
CREATE TABLE `forum` (
  `id` bigint(20) NOT NULL AUTO_INCREMENT,
  `name` varchar(255) DEFAULT NULL,
  `description` varchar(255) DEFAULT NULL,
  `position_` int(11) DEFAULT NULL,
  `topicCount` int(11) DEFAULT NULL,
  `articleCount` int(11) DEFAULT NULL,
  `lastTopicId` bigint(20) DEFAULT NULL,
  PRIMARY KEY (`id`),
  UNIQUE KEY `lastTopicId` (`lastTopicId`),
  KEY `FK5D18D21502DABB6` (`lastTopicId`),
  CONSTRAINT `FK5D18D21502DABB6` FOREIGN KEY (`lastTopicId`) REFERENCES `topic` (`id`)
) ENGINE=InnoDB AUTO_INCREMENT=14 DEFAULT CHARSET=utf8;

-- ----------------------------
-- Records of forum
-- ----------------------------
INSERT INTO `forum` VALUES ('11', '第一版块', '第一版块第一版块第一版块第一版块', '11', '15', '27', '15');
INSERT INTO `forum` VALUES ('12', '第二板块', '第二板块第二板块第二板块第二板块', '12', '0', '0', null);
INSERT INTO `forum` VALUES ('13', '第三板块', '第三板块第三板块第三板块第三板块', '13', '0', '0', null);

-- ----------------------------
-- Table structure for `jbpm4_deployment`
-- ----------------------------
DROP TABLE IF EXISTS `jbpm4_deployment`;
CREATE TABLE `jbpm4_deployment` (
  `DBID_` bigint(20) NOT NULL,
  `NAME_` longtext,
  `TIMESTAMP_` bigint(20) DEFAULT NULL,
  `STATE_` varchar(255) DEFAULT NULL,
  PRIMARY KEY (`DBID_`)
) ENGINE=InnoDB DEFAULT CHARSET=utf8;

-- ----------------------------
-- Records of jbpm4_deployment
-- ----------------------------
INSERT INTO `jbpm4_deployment` VALUES ('8', null, '0', 'active');
INSERT INTO `jbpm4_deployment` VALUES ('15', null, '0', 'active');
INSERT INTO `jbpm4_deployment` VALUES ('20013', null, '0', 'active');
INSERT INTO `jbpm4_deployment` VALUES ('30001', null, '0', 'active');
INSERT INTO `jbpm4_deployment` VALUES ('30026', null, '0', 'active');
INSERT INTO `jbpm4_deployment` VALUES ('50009', null, '0', 'active');

-- ----------------------------
-- Table structure for `jbpm4_deployprop`
-- ----------------------------
DROP TABLE IF EXISTS `jbpm4_deployprop`;
CREATE TABLE `jbpm4_deployprop` (
  `DBID_` bigint(20) NOT NULL,
  `DEPLOYMENT_` bigint(20) DEFAULT NULL,
  `OBJNAME_` varchar(255) DEFAULT NULL,
  `KEY_` varchar(255) DEFAULT NULL,
  `STRINGVAL_` varchar(255) DEFAULT NULL,
  `LONGVAL_` bigint(20) DEFAULT NULL,
  PRIMARY KEY (`DBID_`),
  KEY `FK_DEPLPROP_DEPL` (`DEPLOYMENT_`),
  KEY `IDX_DEPLPROP_DEPL` (`DEPLOYMENT_`),
  CONSTRAINT `FK_DEPLPROP_DEPL` FOREIGN KEY (`DEPLOYMENT_`) REFERENCES `jbpm4_deployment` (`DBID_`)
) ENGINE=InnoDB DEFAULT CHARSET=utf8;

-- ----------------------------
-- Records of jbpm4_deployprop
-- ----------------------------
INSERT INTO `jbpm4_deployprop` VALUES ('11', '8', 'qingjia', 'langid', 'jpdl-4.4', null);
INSERT INTO `jbpm4_deployprop` VALUES ('12', '8', 'qingjia', 'pdid', 'qingjia-1', null);
INSERT INTO `jbpm4_deployprop` VALUES ('13', '8', 'qingjia', 'pdkey', 'qingjia', null);
INSERT INTO `jbpm4_deployprop` VALUES ('14', '8', 'qingjia', 'pdversion', null, '1');
INSERT INTO `jbpm4_deployprop` VALUES ('18', '15', 'qingjia', 'langid', 'jpdl-4.4', null);
INSERT INTO `jbpm4_deployprop` VALUES ('19', '15', 'qingjia', 'pdid', 'qingjia-2', null);
INSERT INTO `jbpm4_deployprop` VALUES ('20', '15', 'qingjia', 'pdkey', 'qingjia', null);
INSERT INTO `jbpm4_deployprop` VALUES ('21', '15', 'qingjia', 'pdversion', null, '2');
INSERT INTO `jbpm4_deployprop` VALUES ('20016', '20013', 'qingjia', 'langid', 'jpdl-4.4', null);
INSERT INTO `jbpm4_deployprop` VALUES ('20017', '20013', 'qingjia', 'pdid', 'qingjia-3', null);
INSERT INTO `jbpm4_deployprop` VALUES ('20018', '20013', 'qingjia', 'pdkey', 'qingjia', null);
INSERT INTO `jbpm4_deployprop` VALUES ('20019', '20013', 'qingjia', 'pdversion', null, '3');
INSERT INTO `jbpm4_deployprop` VALUES ('30004', '30001', 'qingjia', 'langid', 'jpdl-4.4', null);
INSERT INTO `jbpm4_deployprop` VALUES ('30005', '30001', 'qingjia', 'pdid', 'qingjia-4', null);
INSERT INTO `jbpm4_deployprop` VALUES ('30006', '30001', 'qingjia', 'pdkey', 'qingjia', null);
INSERT INTO `jbpm4_deployprop` VALUES ('30007', '30001', 'qingjia', 'pdversion', null, '4');
INSERT INTO `jbpm4_deployprop` VALUES ('30029', '30026', 'qingjia', 'langid', 'jpdl-4.4', null);
INSERT INTO `jbpm4_deployprop` VALUES ('30030', '30026', 'qingjia', 'pdid', 'qingjia-5', null);
INSERT INTO `jbpm4_deployprop` VALUES ('30031', '30026', 'qingjia', 'pdkey', 'qingjia', null);
INSERT INTO `jbpm4_deployprop` VALUES ('30032', '30026', 'qingjia', 'pdversion', null, '5');
INSERT INTO `jbpm4_deployprop` VALUES ('50012', '50009', 'qingkuan', 'langid', 'jpdl-4.4', null);
INSERT INTO `jbpm4_deployprop` VALUES ('50013', '50009', 'qingkuan', 'pdid', 'qingkuan-1', null);
INSERT INTO `jbpm4_deployprop` VALUES ('50014', '50009', 'qingkuan', 'pdkey', 'qingkuan', null);
INSERT INTO `jbpm4_deployprop` VALUES ('50015', '50009', 'qingkuan', 'pdversion', null, '1');

-- ----------------------------
-- Table structure for `jbpm4_execution`
-- ----------------------------
DROP TABLE IF EXISTS `jbpm4_execution`;
CREATE TABLE `jbpm4_execution` (
  `DBID_` bigint(20) NOT NULL,
  `CLASS_` varchar(255) NOT NULL,
  `DBVERSION_` int(11) NOT NULL,
  `ACTIVITYNAME_` varchar(255) DEFAULT NULL,
  `PROCDEFID_` varchar(255) DEFAULT NULL,
  `HASVARS_` bit(1) DEFAULT NULL,
  `NAME_` varchar(255) DEFAULT NULL,
  `KEY_` varchar(255) DEFAULT NULL,
  `ID_` varchar(255) DEFAULT NULL,
  `STATE_` varchar(255) DEFAULT NULL,
  `SUSPHISTSTATE_` varchar(255) DEFAULT NULL,
  `PRIORITY_` int(11) DEFAULT NULL,
  `HISACTINST_` bigint(20) DEFAULT NULL,
  `PARENT_` bigint(20) DEFAULT NULL,
  `INSTANCE_` bigint(20) DEFAULT NULL,
  `SUPEREXEC_` bigint(20) DEFAULT NULL,
  `SUBPROCINST_` bigint(20) DEFAULT NULL,
  `PARENT_IDX_` int(11) DEFAULT NULL,
  PRIMARY KEY (`DBID_`),
  UNIQUE KEY `ID_` (`ID_`),
  KEY `FK_EXEC_SUBPI` (`SUBPROCINST_`),
  KEY `FK_EXEC_INSTANCE` (`INSTANCE_`),
  KEY `FK_EXEC_SUPEREXEC` (`SUPEREXEC_`),
  KEY `FK_EXEC_PARENT` (`PARENT_`),
  KEY `IDX_EXEC_SUBPI` (`SUBPROCINST_`),
  KEY `IDX_EXEC_PARENT` (`PARENT_`),
  KEY `IDX_EXEC_SUPEREXEC` (`SUPEREXEC_`),
  KEY `IDX_EXEC_INSTANCE` (`INSTANCE_`),
  CONSTRAINT `FK_EXEC_INSTANCE` FOREIGN KEY (`INSTANCE_`) REFERENCES `jbpm4_execution` (`DBID_`),
  CONSTRAINT `FK_EXEC_PARENT` FOREIGN KEY (`PARENT_`) REFERENCES `jbpm4_execution` (`DBID_`),
  CONSTRAINT `FK_EXEC_SUBPI` FOREIGN KEY (`SUBPROCINST_`) REFERENCES `jbpm4_execution` (`DBID_`),
  CONSTRAINT `FK_EXEC_SUPEREXEC` FOREIGN KEY (`SUPEREXEC_`) REFERENCES `jbpm4_execution` (`DBID_`)
) ENGINE=InnoDB DEFAULT CHARSET=utf8;

-- ----------------------------
-- Records of jbpm4_execution
-- ----------------------------
INSERT INTO `jbpm4_execution` VALUES ('30008', 'pvm', '3', '总经理审批', 'qingjia-4', '', null, null, 'qingjia.30008', 'active-root', null, '0', '30016', null, '30008', null, null, null);
INSERT INTO `jbpm4_execution` VALUES ('30017', 'pvm', '3', '总经理审批', 'qingjia-4', '', null, null, 'qingjia.30017', 'active-root', null, '0', '30025', null, '30017', null, null, null);
INSERT INTO `jbpm4_execution` VALUES ('50016', 'pvm', '2', '部门经理审批', 'qingkuan-1', '', null, null, 'qingkuan.50016', 'active-root', null, '0', '50021', null, '50016', null, null, null);
INSERT INTO `jbpm4_execution` VALUES ('50022', 'pvm', '2', '部门经理审批', 'qingkuan-1', '', null, null, 'qingkuan.50022', 'active-root', null, '0', '50027', null, '50022', null, null, null);

-- ----------------------------
-- Table structure for `jbpm4_hist_actinst`
-- ----------------------------
DROP TABLE IF EXISTS `jbpm4_hist_actinst`;
CREATE TABLE `jbpm4_hist_actinst` (
  `DBID_` bigint(20) NOT NULL,
  `CLASS_` varchar(255) NOT NULL,
  `DBVERSION_` int(11) NOT NULL,
  `HPROCI_` bigint(20) DEFAULT NULL,
  `TYPE_` varchar(255) DEFAULT NULL,
  `EXECUTION_` varchar(255) DEFAULT NULL,
  `ACTIVITY_NAME_` varchar(255) DEFAULT NULL,
  `START_` datetime DEFAULT NULL,
  `END_` datetime DEFAULT NULL,
  `DURATION_` bigint(20) DEFAULT NULL,
  `TRANSITION_` varchar(255) DEFAULT NULL,
  `NEXTIDX_` int(11) DEFAULT NULL,
  `HTASK_` bigint(20) DEFAULT NULL,
  PRIMARY KEY (`DBID_`),
  KEY `FK_HACTI_HPROCI` (`HPROCI_`),
  KEY `FK_HTI_HTASK` (`HTASK_`),
  KEY `IDX_HTI_HTASK` (`HTASK_`),
  KEY `IDX_HACTI_HPROCI` (`HPROCI_`),
  CONSTRAINT `FK_HACTI_HPROCI` FOREIGN KEY (`HPROCI_`) REFERENCES `jbpm4_hist_procinst` (`DBID_`),
  CONSTRAINT `FK_HTI_HTASK` FOREIGN KEY (`HTASK_`) REFERENCES `jbpm4_hist_task` (`DBID_`)
) ENGINE=InnoDB DEFAULT CHARSET=utf8;

-- ----------------------------
-- Records of jbpm4_hist_actinst
-- ----------------------------
INSERT INTO `jbpm4_hist_actinst` VALUES ('30011', 'task', '1', '30008', 'task', 'qingjia.30008', '提交申请', '2018-04-27 10:57:14', '2018-04-27 10:57:14', '409', 'jbpm_no_task_outcome_specified_jbpm', '1', '30010');
INSERT INTO `jbpm4_hist_actinst` VALUES ('30013', 'task', '1', '30008', 'task', 'qingjia.30008', '部门经理审批', '2018-04-27 10:57:14', '2018-04-27 10:57:38', '24619', 'jbpm_no_task_outcome_specified_jbpm', '1', '30012');
INSERT INTO `jbpm4_hist_actinst` VALUES ('30016', 'task', '0', '30008', 'task', 'qingjia.30008', '总经理审批', '2018-04-27 10:57:38', null, '0', null, '1', '30014');
INSERT INTO `jbpm4_hist_actinst` VALUES ('30020', 'task', '1', '30017', 'task', 'qingjia.30017', '提交申请', '2018-04-27 11:52:37', '2018-04-27 11:52:37', '108', 'jbpm_no_task_outcome_specified_jbpm', '1', '30019');
INSERT INTO `jbpm4_hist_actinst` VALUES ('30022', 'task', '1', '30017', 'task', 'qingjia.30017', '部门经理审批', '2018-04-27 11:52:37', '2018-04-27 11:52:54', '17205', 'jbpm_no_task_outcome_specified_jbpm', '1', '30021');
INSERT INTO `jbpm4_hist_actinst` VALUES ('30025', 'task', '0', '30017', 'task', 'qingjia.30017', '总经理审批', '2018-04-27 11:52:54', null, '0', null, '1', '30023');
INSERT INTO `jbpm4_hist_actinst` VALUES ('30036', 'task', '1', '30033', 'task', 'qingjia.30033', '提交申请', '2018-04-27 11:54:49', '2018-04-27 11:54:49', '122', 'jbpm_no_task_outcome_specified_jbpm', '1', '30035');
INSERT INTO `jbpm4_hist_actinst` VALUES ('30038', 'task', '1', '30033', 'task', 'qingjia.30033', '部门经理审批', '2018-04-27 11:54:49', '2018-04-27 11:55:10', '21633', 'jbpm_no_task_outcome_specified_jbpm', '1', '30037');
INSERT INTO `jbpm4_hist_actinst` VALUES ('30040', 'task', '1', '30033', 'task', 'qingjia.30033', '总经理审批', '2018-04-27 11:55:10', '2018-04-27 11:55:39', '29024', 'jbpm_no_task_outcome_specified_jbpm', '1', '30039');
INSERT INTO `jbpm4_hist_actinst` VALUES ('30044', 'task', '1', '30041', 'task', 'qingjia.30041', '提交申请', '2018-04-27 11:57:03', '2018-04-27 11:57:03', '103', 'jbpm_no_task_outcome_specified_jbpm', '1', '30043');
INSERT INTO `jbpm4_hist_actinst` VALUES ('30046', 'task', '1', '30041', 'task', 'qingjia.30041', '部门经理审批', '2018-04-27 11:57:03', '2018-04-27 11:57:25', '22854', 'jbpm_no_task_outcome_specified_jbpm', '1', '30045');
INSERT INTO `jbpm4_hist_actinst` VALUES ('30048', 'task', '1', '30041', 'task', 'qingjia.30041', '总经理审批', '2018-04-27 11:57:25', '2018-04-27 11:57:45', '20018', 'jbpm_no_task_outcome_specified_jbpm', '1', '30047');
INSERT INTO `jbpm4_hist_actinst` VALUES ('30052', 'task', '1', '30049', 'task', 'qingjia.30049', '提交申请', '2018-04-27 12:04:58', '2018-04-27 12:04:58', '108', 'jbpm_no_task_outcome_specified_jbpm', '1', '30051');
INSERT INTO `jbpm4_hist_actinst` VALUES ('30054', 'task', '1', '30049', 'task', 'qingjia.30049', '部门经理审批', '2018-04-27 12:04:58', '2018-04-27 12:05:24', '26562', 'jbpm_no_task_outcome_specified_jbpm', '1', '30053');
INSERT INTO `jbpm4_hist_actinst` VALUES ('30056', 'task', '0', '30049', 'task', 'qingjia.30049', '总经理审批', '2018-04-27 12:05:24', null, '0', null, '1', '30055');
INSERT INTO `jbpm4_hist_actinst` VALUES ('30060', 'task', '1', '30057', 'task', 'qingjia.30057', '提交申请', '2018-04-27 12:55:45', '2018-04-27 12:55:45', '105', 'jbpm_no_task_outcome_specified_jbpm', '1', '30059');
INSERT INTO `jbpm4_hist_actinst` VALUES ('30062', 'task', '1', '30057', 'task', 'qingjia.30057', '部门经理审批', '2018-04-27 12:55:45', '2018-04-27 13:00:10', '265536', 'jbpm_no_task_outcome_specified_jbpm', '1', '30061');
INSERT INTO `jbpm4_hist_actinst` VALUES ('40002', 'task', '1', '30057', 'task', 'qingjia.30057', '总经理审批', '2018-04-27 13:00:10', '2018-04-27 13:02:51', '161723', 'jbpm_no_task_outcome_specified_jbpm', '1', '40001');
INSERT INTO `jbpm4_hist_actinst` VALUES ('50004', 'task', '1', '50001', 'task', 'qingjia.50001', '提交申请', '2018-04-27 13:04:59', '2018-04-27 13:04:59', '31', 'jbpm_no_task_outcome_specified_jbpm', '1', '50003');
INSERT INTO `jbpm4_hist_actinst` VALUES ('50006', 'task', '1', '50001', 'task', 'qingjia.50001', '部门经理审批', '2018-04-27 13:04:59', '2018-04-27 13:05:09', '10785', 'jbpm_no_task_outcome_specified_jbpm', '1', '50005');
INSERT INTO `jbpm4_hist_actinst` VALUES ('50008', 'task', '1', '50001', 'task', 'qingjia.50001', '总经理审批', '2018-04-27 13:05:09', '2018-04-27 13:05:23', '14343', 'jbpm_no_task_outcome_specified_jbpm', '1', '50007');
INSERT INTO `jbpm4_hist_actinst` VALUES ('50019', 'task', '1', '50016', 'task', 'qingkuan.50016', '提交申请', '2018-04-27 13:15:28', '2018-04-27 13:15:28', '15', 'jbpm_no_task_outcome_specified_jbpm', '1', '50018');
INSERT INTO `jbpm4_hist_actinst` VALUES ('50021', 'task', '0', '50016', 'task', 'qingkuan.50016', '部门经理审批', '2018-04-27 13:15:28', null, '0', null, '1', '50020');
INSERT INTO `jbpm4_hist_actinst` VALUES ('50025', 'task', '1', '50022', 'task', 'qingkuan.50022', '提交申请', '2018-04-27 13:36:28', '2018-04-27 13:36:28', '17', 'jbpm_no_task_outcome_specified_jbpm', '1', '50024');
INSERT INTO `jbpm4_hist_actinst` VALUES ('50027', 'task', '0', '50022', 'task', 'qingkuan.50022', '部门经理审批', '2018-04-27 13:36:28', null, '0', null, '1', '50026');

-- ----------------------------
-- Table structure for `jbpm4_hist_detail`
-- ----------------------------
DROP TABLE IF EXISTS `jbpm4_hist_detail`;
CREATE TABLE `jbpm4_hist_detail` (
  `DBID_` bigint(20) NOT NULL,
  `CLASS_` varchar(255) NOT NULL,
  `DBVERSION_` int(11) NOT NULL,
  `USERID_` varchar(255) DEFAULT NULL,
  `TIME_` datetime DEFAULT NULL,
  `HPROCI_` bigint(20) DEFAULT NULL,
  `HPROCIIDX_` int(11) DEFAULT NULL,
  `HACTI_` bigint(20) DEFAULT NULL,
  `HACTIIDX_` int(11) DEFAULT NULL,
  `HTASK_` bigint(20) DEFAULT NULL,
  `HTASKIDX_` int(11) DEFAULT NULL,
  `HVAR_` bigint(20) DEFAULT NULL,
  `HVARIDX_` int(11) DEFAULT NULL,
  `MESSAGE_` longtext,
  `OLD_STR_` varchar(255) DEFAULT NULL,
  `NEW_STR_` varchar(255) DEFAULT NULL,
  `OLD_INT_` int(11) DEFAULT NULL,
  `NEW_INT_` int(11) DEFAULT NULL,
  `OLD_TIME_` datetime DEFAULT NULL,
  `NEW_TIME_` datetime DEFAULT NULL,
  `PARENT_` bigint(20) DEFAULT NULL,
  `PARENT_IDX_` int(11) DEFAULT NULL,
  PRIMARY KEY (`DBID_`),
  KEY `FK_HDETAIL_HVAR` (`HVAR_`),
  KEY `FK_HDETAIL_HPROCI` (`HPROCI_`),
  KEY `FK_HDETAIL_HTASK` (`HTASK_`),
  KEY `FK_HDETAIL_HACTI` (`HACTI_`),
  KEY `IDX_HDET_HVAR` (`HVAR_`),
  KEY `IDX_HDET_HACTI` (`HACTI_`),
  KEY `IDX_HDET_HTASK` (`HTASK_`),
  KEY `IDX_HDET_HPROCI` (`HPROCI_`),
  CONSTRAINT `FK_HDETAIL_HACTI` FOREIGN KEY (`HACTI_`) REFERENCES `jbpm4_hist_actinst` (`DBID_`),
  CONSTRAINT `FK_HDETAIL_HPROCI` FOREIGN KEY (`HPROCI_`) REFERENCES `jbpm4_hist_procinst` (`DBID_`),
  CONSTRAINT `FK_HDETAIL_HTASK` FOREIGN KEY (`HTASK_`) REFERENCES `jbpm4_hist_task` (`DBID_`),
  CONSTRAINT `FK_HDETAIL_HVAR` FOREIGN KEY (`HVAR_`) REFERENCES `jbpm4_hist_var` (`DBID_`)
) ENGINE=InnoDB DEFAULT CHARSET=utf8;

-- ----------------------------
-- Records of jbpm4_hist_detail
-- ----------------------------

-- ----------------------------
-- Table structure for `jbpm4_hist_procinst`
-- ----------------------------
DROP TABLE IF EXISTS `jbpm4_hist_procinst`;
CREATE TABLE `jbpm4_hist_procinst` (
  `DBID_` bigint(20) NOT NULL,
  `DBVERSION_` int(11) NOT NULL,
  `ID_` varchar(255) DEFAULT NULL,
  `PROCDEFID_` varchar(255) DEFAULT NULL,
  `KEY_` varchar(255) DEFAULT NULL,
  `START_` datetime DEFAULT NULL,
  `END_` datetime DEFAULT NULL,
  `DURATION_` bigint(20) DEFAULT NULL,
  `STATE_` varchar(255) DEFAULT NULL,
  `ENDACTIVITY_` varchar(255) DEFAULT NULL,
  `NEXTIDX_` int(11) DEFAULT NULL,
  PRIMARY KEY (`DBID_`)
) ENGINE=InnoDB DEFAULT CHARSET=utf8;

-- ----------------------------
-- Records of jbpm4_hist_procinst
-- ----------------------------
INSERT INTO `jbpm4_hist_procinst` VALUES ('30008', '0', 'qingjia.30008', 'qingjia-4', null, '2018-04-27 10:57:14', null, null, 'active', null, '1');
INSERT INTO `jbpm4_hist_procinst` VALUES ('30017', '0', 'qingjia.30017', 'qingjia-4', null, '2018-04-27 11:52:37', null, null, 'active', null, '1');
INSERT INTO `jbpm4_hist_procinst` VALUES ('30033', '1', 'qingjia.30033', 'qingjia-5', null, '2018-04-27 11:54:49', '2018-04-27 11:55:39', '50049', 'ended', 'end1', '1');
INSERT INTO `jbpm4_hist_procinst` VALUES ('30041', '1', 'qingjia.30041', 'qingjia-5', null, '2018-04-27 11:57:03', '2018-04-27 11:57:45', '42045', 'ended', 'end1', '1');
INSERT INTO `jbpm4_hist_procinst` VALUES ('30049', '1', 'qingjia.30049', 'qingjia-5', null, '2018-04-27 12:04:58', '2018-04-27 12:05:24', '26696', 'ended', '总经理审批', '1');
INSERT INTO `jbpm4_hist_procinst` VALUES ('30057', '1', 'qingjia.30057', 'qingjia-5', null, '2018-04-27 12:55:45', '2018-04-27 13:02:51', '426778', 'ended', 'end1', '1');
INSERT INTO `jbpm4_hist_procinst` VALUES ('50001', '1', 'qingjia.50001', 'qingjia-5', null, '2018-04-27 13:04:59', '2018-04-27 13:05:23', '24361', 'ended', 'end1', '1');
INSERT INTO `jbpm4_hist_procinst` VALUES ('50016', '0', 'qingkuan.50016', 'qingkuan-1', null, '2018-04-27 13:15:28', null, null, 'active', null, '1');
INSERT INTO `jbpm4_hist_procinst` VALUES ('50022', '0', 'qingkuan.50022', 'qingkuan-1', null, '2018-04-27 13:36:28', null, null, 'active', null, '1');

-- ----------------------------
-- Table structure for `jbpm4_hist_task`
-- ----------------------------
DROP TABLE IF EXISTS `jbpm4_hist_task`;
CREATE TABLE `jbpm4_hist_task` (
  `DBID_` bigint(20) NOT NULL,
  `DBVERSION_` int(11) NOT NULL,
  `EXECUTION_` varchar(255) DEFAULT NULL,
  `OUTCOME_` varchar(255) DEFAULT NULL,
  `ASSIGNEE_` varchar(255) DEFAULT NULL,
  `PRIORITY_` int(11) DEFAULT NULL,
  `STATE_` varchar(255) DEFAULT NULL,
  `CREATE_` datetime DEFAULT NULL,
  `END_` datetime DEFAULT NULL,
  `DURATION_` bigint(20) DEFAULT NULL,
  `NEXTIDX_` int(11) DEFAULT NULL,
  `SUPERTASK_` bigint(20) DEFAULT NULL,
  PRIMARY KEY (`DBID_`),
  KEY `FK_HSUPERT_SUB` (`SUPERTASK_`),
  KEY `IDX_HSUPERT_SUB` (`SUPERTASK_`),
  CONSTRAINT `FK_HSUPERT_SUB` FOREIGN KEY (`SUPERTASK_`) REFERENCES `jbpm4_hist_task` (`DBID_`)
) ENGINE=InnoDB DEFAULT CHARSET=utf8;

-- ----------------------------
-- Records of jbpm4_hist_task
-- ----------------------------
INSERT INTO `jbpm4_hist_task` VALUES ('30010', '1', 'qingjia.30008', 'jbpm_no_task_outcome_specified_jbpm', 'admin', '0', 'completed', '2018-04-27 10:57:14', '2018-04-27 10:57:14', '404', '1', null);
INSERT INTO `jbpm4_hist_task` VALUES ('30012', '1', 'qingjia.30008', 'jbpm_no_task_outcome_specified_jbpm', 'ls', '0', 'completed', '2018-04-27 10:57:14', '2018-04-27 10:57:38', '24627', '1', null);
INSERT INTO `jbpm4_hist_task` VALUES ('30014', '0', 'qingjia.30008', null, null, '0', null, '2018-04-27 10:57:38', null, '0', '1', null);
INSERT INTO `jbpm4_hist_task` VALUES ('30019', '1', 'qingjia.30017', 'jbpm_no_task_outcome_specified_jbpm', 'ww', '0', 'completed', '2018-04-27 11:52:37', '2018-04-27 11:52:37', '106', '1', null);
INSERT INTO `jbpm4_hist_task` VALUES ('30021', '1', 'qingjia.30017', 'jbpm_no_task_outcome_specified_jbpm', 'ls', '0', 'completed', '2018-04-27 11:52:37', '2018-04-27 11:52:54', '17209', '1', null);
INSERT INTO `jbpm4_hist_task` VALUES ('30023', '0', 'qingjia.30017', null, null, '0', null, '2018-04-27 11:52:54', null, '0', '1', null);
INSERT INTO `jbpm4_hist_task` VALUES ('30035', '1', 'qingjia.30033', 'jbpm_no_task_outcome_specified_jbpm', 'ww', '0', 'completed', '2018-04-27 11:54:49', '2018-04-27 11:54:49', '121', '1', null);
INSERT INTO `jbpm4_hist_task` VALUES ('30037', '1', 'qingjia.30033', 'jbpm_no_task_outcome_specified_jbpm', 'ls', '0', 'completed', '2018-04-27 11:54:49', '2018-04-27 11:55:10', '21638', '1', null);
INSERT INTO `jbpm4_hist_task` VALUES ('30039', '1', 'qingjia.30033', 'jbpm_no_task_outcome_specified_jbpm', 'ww', '0', 'completed', '2018-04-27 11:55:10', '2018-04-27 11:55:39', '29029', '1', null);
INSERT INTO `jbpm4_hist_task` VALUES ('30043', '1', 'qingjia.30041', 'jbpm_no_task_outcome_specified_jbpm', 'zs', '0', 'completed', '2018-04-27 11:57:03', '2018-04-27 11:57:03', '102', '1', null);
INSERT INTO `jbpm4_hist_task` VALUES ('30045', '1', 'qingjia.30041', 'jbpm_no_task_outcome_specified_jbpm', 'ls', '0', 'completed', '2018-04-27 11:57:03', '2018-04-27 11:57:25', '22859', '1', null);
INSERT INTO `jbpm4_hist_task` VALUES ('30047', '1', 'qingjia.30041', 'jbpm_no_task_outcome_specified_jbpm', 'ww', '0', 'completed', '2018-04-27 11:57:25', '2018-04-27 11:57:45', '20024', '1', null);
INSERT INTO `jbpm4_hist_task` VALUES ('30051', '1', 'qingjia.30049', 'jbpm_no_task_outcome_specified_jbpm', 'zs', '0', 'completed', '2018-04-27 12:04:58', '2018-04-27 12:04:58', '106', '1', null);
INSERT INTO `jbpm4_hist_task` VALUES ('30053', '1', 'qingjia.30049', 'jbpm_no_task_outcome_specified_jbpm', 'ls', '0', 'completed', '2018-04-27 12:04:58', '2018-04-27 12:05:24', '26566', '1', null);
INSERT INTO `jbpm4_hist_task` VALUES ('30055', '0', 'qingjia.30049', null, 'ww', '0', null, '2018-04-27 12:05:24', null, '0', '1', null);
INSERT INTO `jbpm4_hist_task` VALUES ('30059', '1', 'qingjia.30057', 'jbpm_no_task_outcome_specified_jbpm', 'zs', '0', 'completed', '2018-04-27 12:55:45', '2018-04-27 12:55:45', '104', '1', null);
INSERT INTO `jbpm4_hist_task` VALUES ('30061', '1', 'qingjia.30057', 'jbpm_no_task_outcome_specified_jbpm', 'ls', '0', 'completed', '2018-04-27 12:55:45', '2018-04-27 13:00:10', '265545', '1', null);
INSERT INTO `jbpm4_hist_task` VALUES ('40001', '1', 'qingjia.30057', 'jbpm_no_task_outcome_specified_jbpm', 'ww', '0', 'completed', '2018-04-27 13:00:10', '2018-04-27 13:02:51', '161726', '1', null);
INSERT INTO `jbpm4_hist_task` VALUES ('50003', '1', 'qingjia.50001', 'jbpm_no_task_outcome_specified_jbpm', 'zs', '0', 'completed', '2018-04-27 13:04:59', '2018-04-27 13:04:59', '28', '1', null);
INSERT INTO `jbpm4_hist_task` VALUES ('50005', '1', 'qingjia.50001', 'jbpm_no_task_outcome_specified_jbpm', 'ls', '0', 'completed', '2018-04-27 13:04:59', '2018-04-27 13:05:09', '10789', '1', null);
INSERT INTO `jbpm4_hist_task` VALUES ('50007', '1', 'qingjia.50001', 'jbpm_no_task_outcome_specified_jbpm', 'ww', '0', 'completed', '2018-04-27 13:05:09', '2018-04-27 13:05:23', '14346', '1', null);
INSERT INTO `jbpm4_hist_task` VALUES ('50018', '1', 'qingkuan.50016', 'jbpm_no_task_outcome_specified_jbpm', 'admin', '0', 'completed', '2018-04-27 13:15:28', '2018-04-27 13:15:28', '14', '1', null);
INSERT INTO `jbpm4_hist_task` VALUES ('50020', '0', 'qingkuan.50016', null, 'ls', '0', null, '2018-04-27 13:15:28', null, '0', '1', null);
INSERT INTO `jbpm4_hist_task` VALUES ('50024', '1', 'qingkuan.50022', 'jbpm_no_task_outcome_specified_jbpm', 'zs', '0', 'completed', '2018-04-27 13:36:28', '2018-04-27 13:36:28', '16', '1', null);
INSERT INTO `jbpm4_hist_task` VALUES ('50026', '0', 'qingkuan.50022', null, 'ls', '0', null, '2018-04-27 13:36:28', null, '0', '1', null);

-- ----------------------------
-- Table structure for `jbpm4_hist_var`
-- ----------------------------
DROP TABLE IF EXISTS `jbpm4_hist_var`;
CREATE TABLE `jbpm4_hist_var` (
  `DBID_` bigint(20) NOT NULL,
  `DBVERSION_` int(11) NOT NULL,
  `PROCINSTID_` varchar(255) DEFAULT NULL,
  `EXECUTIONID_` varchar(255) DEFAULT NULL,
  `VARNAME_` varchar(255) DEFAULT NULL,
  `VALUE_` varchar(255) DEFAULT NULL,
  `HPROCI_` bigint(20) DEFAULT NULL,
  `HTASK_` bigint(20) DEFAULT NULL,
  PRIMARY KEY (`DBID_`),
  KEY `FK_HVAR_HPROCI` (`HPROCI_`),
  KEY `FK_HVAR_HTASK` (`HTASK_`),
  KEY `IDX_HVAR_HTASK` (`HTASK_`),
  KEY `IDX_HVAR_HPROCI` (`HPROCI_`),
  CONSTRAINT `FK_HVAR_HPROCI` FOREIGN KEY (`HPROCI_`) REFERENCES `jbpm4_hist_procinst` (`DBID_`),
  CONSTRAINT `FK_HVAR_HTASK` FOREIGN KEY (`HTASK_`) REFERENCES `jbpm4_hist_task` (`DBID_`)
) ENGINE=InnoDB DEFAULT CHARSET=utf8;

-- ----------------------------
-- Records of jbpm4_hist_var
-- ----------------------------

-- ----------------------------
-- Table structure for `jbpm4_id_group`
-- ----------------------------
DROP TABLE IF EXISTS `jbpm4_id_group`;
CREATE TABLE `jbpm4_id_group` (
  `DBID_` bigint(20) NOT NULL,
  `DBVERSION_` int(11) NOT NULL,
  `ID_` varchar(255) DEFAULT NULL,
  `NAME_` varchar(255) DEFAULT NULL,
  `TYPE_` varchar(255) DEFAULT NULL,
  `PARENT_` bigint(20) DEFAULT NULL,
  PRIMARY KEY (`DBID_`),
  KEY `FK_GROUP_PARENT` (`PARENT_`),
  KEY `IDX_GROUP_PARENT` (`PARENT_`),
  CONSTRAINT `FK_GROUP_PARENT` FOREIGN KEY (`PARENT_`) REFERENCES `jbpm4_id_group` (`DBID_`)
) ENGINE=InnoDB DEFAULT CHARSET=utf8;

-- ----------------------------
-- Records of jbpm4_id_group
-- ----------------------------

-- ----------------------------
-- Table structure for `jbpm4_id_membership`
-- ----------------------------
DROP TABLE IF EXISTS `jbpm4_id_membership`;
CREATE TABLE `jbpm4_id_membership` (
  `DBID_` bigint(20) NOT NULL,
  `DBVERSION_` int(11) NOT NULL,
  `USER_` bigint(20) DEFAULT NULL,
  `GROUP_` bigint(20) DEFAULT NULL,
  `NAME_` varchar(255) DEFAULT NULL,
  PRIMARY KEY (`DBID_`),
  KEY `FK_MEM_GROUP` (`GROUP_`),
  KEY `FK_MEM_USER` (`USER_`),
  KEY `IDX_MEM_GROUP` (`GROUP_`),
  KEY `IDX_MEM_USER` (`USER_`),
  CONSTRAINT `FK_MEM_GROUP` FOREIGN KEY (`GROUP_`) REFERENCES `jbpm4_id_group` (`DBID_`),
  CONSTRAINT `FK_MEM_USER` FOREIGN KEY (`USER_`) REFERENCES `jbpm4_id_user` (`DBID_`)
) ENGINE=InnoDB DEFAULT CHARSET=utf8;

-- ----------------------------
-- Records of jbpm4_id_membership
-- ----------------------------

-- ----------------------------
-- Table structure for `jbpm4_id_user`
-- ----------------------------
DROP TABLE IF EXISTS `jbpm4_id_user`;
CREATE TABLE `jbpm4_id_user` (
  `DBID_` bigint(20) NOT NULL,
  `DBVERSION_` int(11) NOT NULL,
  `ID_` varchar(255) DEFAULT NULL,
  `PASSWORD_` varchar(255) DEFAULT NULL,
  `GIVENNAME_` varchar(255) DEFAULT NULL,
  `FAMILYNAME_` varchar(255) DEFAULT NULL,
  `BUSINESSEMAIL_` varchar(255) DEFAULT NULL,
  PRIMARY KEY (`DBID_`)
) ENGINE=InnoDB DEFAULT CHARSET=utf8;

-- ----------------------------
-- Records of jbpm4_id_user
-- ----------------------------

-- ----------------------------
-- Table structure for `jbpm4_job`
-- ----------------------------
DROP TABLE IF EXISTS `jbpm4_job`;
CREATE TABLE `jbpm4_job` (
  `DBID_` bigint(20) NOT NULL,
  `CLASS_` varchar(255) NOT NULL,
  `DBVERSION_` int(11) NOT NULL,
  `DUEDATE_` datetime DEFAULT NULL,
  `STATE_` varchar(255) DEFAULT NULL,
  `ISEXCLUSIVE_` bit(1) DEFAULT NULL,
  `LOCKOWNER_` varchar(255) DEFAULT NULL,
  `LOCKEXPTIME_` datetime DEFAULT NULL,
  `EXCEPTION_` longtext,
  `RETRIES_` int(11) DEFAULT NULL,
  `PROCESSINSTANCE_` bigint(20) DEFAULT NULL,
  `EXECUTION_` bigint(20) DEFAULT NULL,
  `CFG_` bigint(20) DEFAULT NULL,
  `SIGNAL_` varchar(255) DEFAULT NULL,
  `EVENT_` varchar(255) DEFAULT NULL,
  `REPEAT_` varchar(255) DEFAULT NULL,
  PRIMARY KEY (`DBID_`),
  KEY `FK_JOB_CFG` (`CFG_`),
  KEY `IDX_JOBRETRIES` (`RETRIES_`),
  KEY `IDX_JOBDUEDATE` (`DUEDATE_`),
  KEY `IDX_JOBLOCKEXP` (`LOCKEXPTIME_`),
  KEY `IDX_JOB_CFG` (`CFG_`),
  KEY `IDX_JOB_EXE` (`EXECUTION_`),
  KEY `IDX_JOB_PRINST` (`PROCESSINSTANCE_`),
  CONSTRAINT `FK_JOB_CFG` FOREIGN KEY (`CFG_`) REFERENCES `jbpm4_lob` (`DBID_`)
) ENGINE=InnoDB DEFAULT CHARSET=utf8;

-- ----------------------------
-- Records of jbpm4_job
-- ----------------------------

-- ----------------------------
-- Table structure for `jbpm4_lob`
-- ----------------------------
DROP TABLE IF EXISTS `jbpm4_lob`;
CREATE TABLE `jbpm4_lob` (
  `DBID_` bigint(20) NOT NULL,
  `DBVERSION_` int(11) NOT NULL,
  `BLOB_VALUE_` longblob,
  `DEPLOYMENT_` bigint(20) DEFAULT NULL,
  `NAME_` longtext,
  PRIMARY KEY (`DBID_`),
  KEY `FK_LOB_DEPLOYMENT` (`DEPLOYMENT_`),
  KEY `IDX_LOB_DEPLOYMENT` (`DEPLOYMENT_`),
  CONSTRAINT `FK_LOB_DEPLOYMENT` FOREIGN KEY (`DEPLOYMENT_`) REFERENCES `jbpm4_deployment` (`DBID_`)
) ENGINE=InnoDB DEFAULT CHARSET=utf8;

-- ----------------------------
-- Records of jbpm4_lob
-- ----------------------------
INSERT INTO `jbpm4_lob` VALUES ('9', '0', 0x3C3F786D6C2076657273696F6E3D22312E302220656E636F64696E673D225554462D38223F3E0A0A3C70726F63657373206E616D653D2271696E676A69612220786D6C6E733D22687474703A2F2F6A62706D2E6F72672F342E342F6A70646C223E0A2020203C7374617274206E616D653D227374617274312220673D223132352C35342C34382C3438223E0A2020202020203C7472616E736974696F6E206E616D653D22746F20E8AFB7E58187E794B3E8AFB72220746F3D22E8AFB7E58187E794B3E8AFB72220673D222D36392C2D3232222F3E0A2020203C2F73746172743E0A2020203C656E64206E616D653D22656E64312220673D223232362C3435372C34382C3438222F3E0A2020203C7461736B206E616D653D22E8AFB7E58187E794B3E8AFB72220673D223132332C3135302C39322C3532222061737369676E65653D22237B666F726D2E6170706C696361746F727D223E0A2020202020203C7472616E736974696F6E206E616D653D22746F20E983A8E997A8E7BB8FE79086E5AEA1E689B92220746F3D22E983A8E997A8E7BB8FE79086E5AEA1E689B92220673D222D39332C2D3232222F3E0A2020203C2F7461736B3E0A2020203C7461736B206E616D653D22E983A8E997A8E7BB8FE79086E5AEA1E689B92220673D223135302C3237312C39322C3532222061737369676E65653D22E5BCA0E4B889223E0A2020202020203C7472616E736974696F6E206E616D653D22746F20E680BBE7BB8FE79086E5AEA1E689B92220746F3D22E680BBE7BB8FE79086E5AEA1E689B92220673D222D38312C2D3232222F3E0A2020203C2F7461736B3E0A2020203C7461736B206E616D653D22E680BBE7BB8FE79086E5AEA1E689B92220673D223137332C3336312C39322C3532222061737369676E65653D22E78E8BE4BA94223E0A2020202020203C7472616E736974696F6E206E616D653D22746F20656E64312220746F3D22656E64312220673D222D35302C2D3232222F3E0A2020203C2F7461736B3E0D0A3C2F70726F636573733E, '8', 'qingjia.jpdl.xml');
INSERT INTO `jbpm4_lob` VALUES ('10', '0', 0x89504E470D0A1A0A0000000D494844520000043A0000022C08020000009C105E5200003B4649444154789CEDDD7F7094E761E8FB33D33FF35F3A99E975CF747273A633B7EECDA93B674EC699E9B943E7E48E4F67EEAD9B93B66E736E4FD2BA35DC53A789D390A4691C1350821CE46BC5264110BB16B10CB20D16B1712C1C283F84116040B6014B18E1C5604501047B24108B908CEFB3FB4AAB9576F513A4F7DDD5E733EFC0EADDF7C7B3FBD77EE779DFDD7FF32100004022FD9BB807000000509A5C010000124AAE00000009255700008084922B00004042C915000020A1E40A00009050720500004828B902000024945C010000124AAE00000009255700008084922B00004042C915000020A1E40A00009050720500004828B902000024945C010000124AAE00000009255700008084922B00004042C915000020A1E40A00009050720500004828B902000024945C010000124AAE00000009255700008084922B00004042C915000020A1E40A00009050720500004828B902000024945C010000124AAE00000009255700008084922B00004042C915000020A1E40A00009050720500004828B902000024945C010000124AAE00000009255700008084922B00004042C915000020A1E40A00009050720500004828B902000024945C010000124AAE00000009255700008084922B00004042C915000020A1E40A00009050720500004828B902000024945C010000124AAE948D1B376E7C90333434343881F054B44DD838EEF10200C0CD922B65200A955023030303994CA6BFBFFFCA952B978B8495E1A9B041D82C6C2C5A000028777225D1F2A172EDDAB550232FB5AEFEDE537FF9FF7EFF3FFCE5377FEBBF7EF5637FF2955F0F4B7810FE0C2BC3532FEE5B7DF1E2C5DEDEDEB071D845B4000050D6E44A4215864ADFE5DED59BEEFFBBE5FFFECF97DEF63F56FEC71F3CFDDF37EFA939927AE59757DAC3121E843FC3CAF054D8206C1636FED5B9EE743A2D5A0000286B722589A256B97EFDFAD5AB571BB62DBB6FC5EFFDF543B7FFF0D9C527CEED4B0F9D9964091B84CDC2C66197A7B72D3B7FFE7C6F6F6F38483894620100A0ECC895C4895A656060A0BFBFBFEA5FFEFCF3FFF4F1DAC6FB26AF94E225EC12760CBB7775755DBA74291C2A1C50B10000505EE44AB2E45BA5BB27F5F5C7FECFFB1FBEB3E5ED6767DA2AD112760CBB8783BC933ADAD3D373F9F265C502004079912B09926F9590162133BEF9F85DE732EFCCAE55A225EC1E0E120EF5DE7BEF5DB87041B10000505EE44A8244F7ABF4F7F7AF78F2CFEE7FF8CE9B6C957CB1844385038662E9E9E909078FEE6389FBB50200C0D4E44A52DCB871637070F0EAD5ABEB9BBFFDF97FFAF8ACAF012B7955583860FD2BDF3E73E6CCA54B97C229C2894CB00000907C7225293EF8E0836BD7AEA5FFE7C5BF5BF17BD3BDB77E700677DE87C3BEDD7EACABABABB7B7379CC8040B0000C9275712219A5AB972E54AED738BFFFAA1DFE91938D533F0EE85EBA7C2D213FE1D7837FBE740F641F6F1F568094FBD9B5B93DD38EC7221FC793DDA20BB6376FDF59195D7DF0D870D07EFECEC3C7FFE7C389109160000924FAE24C2F0D44A3AFDB7DFFDDF1FD9786FF7D5F65F162CE1CFEEFEDCBFD19FFDB9F5D19AFE8EEEAB1DDD239B8D6E7F75789BFC9FE1B0E1E0478F1E3D7BF66C389109160000924FAEC42F3FB5F2DCCE1FFCD9D2DB0E9DFEF9E9DEB6DCF246F8F7BDE8715FF641F4F8BDBEB6E10DFADE88B6399D5DF3C67BD96574E3FC06EFE57639947A391C7CE38E95274F9E34C102004059902BF18BBEBCB8B7B777D94F3EBBF87BBF7FA267DF898BADEF444BCFBE6839D1131E476B5A4F6497DCCA8BB9C7B92D73FFEECBADCFFD997F36FA333C75715F38F8433FF9ECB163C7DE7FFFFD70BAE84B8DE37EF500003021B912BFD00C994CE6E2C5EC4DF6A1588EFEEA5F8F76E7965FFDEB5B234B6EE58EB0F2ADEE7F1DDEE0573B8E46EBA307DDB9CD721B64771979707474F77F0DAD124E71F8F0E1542A154E174E2A5700004832B912BFA1A1A1FEFEFE0B172EDCF38D7F5BF7D2570F9DFDF9A1B32FE7FECD2E87A30767F22BC3BF2F1FCEAD391C1E47EBCF44DBE4F71A5953B0326C1C0E1E4E71E0C081CECECE70BA70D270EAB85F3D00004C48AEC42FBA71E5DCB9739F7DE0632FECFFFFF6BDFBC2BE54D3BE779B5A53A34B764DEA85D6D40BD1837DC32B5F081BE736889E8AFE8C96E1CDF25B8695E1E0E114AFBDF6DA891327C2E9A2DB57E27EF500003021B912BFD00C972F5FEEEEEEFE93AFFCFAF6B7D7EFE97C362C2DB97F871F9C8CFE7C2EF7E7732D279F1BFB6C589F5D13AD6C3999DFFDB9E13FB3DB6737D8717C7D38454B4B4B7B7B7B385D38A95C010020C9E44AFC0A73E517C7FE65D73B1B77BDB36164D938E6CF93D93F77BFB361F7C90DD1835D273764FF8C560E6F3FF2ECC90D85C709DBBC7AECA9708A3D7BF6C8150000CA825C895F3E573EFBC0C79E7BAD3A9B1927370EB7C7C92842428144DDB27124543646CF468F875B65A44F768F94CCF036C3FB6E78766F753845C895B7DF7E5BAE0000907C72257EF95CB9E7EBFFF6F1A6BF8FAEE36AE9CC5FE2357C29577425D89ECED12BC1F21BEC19DD2CDA20BF3C5BF0E0D970F0700AB9020040B9902BF1CBE7CADF2EFFE43FD7FD5F8577D8B79E1E73C37DE93593AF2F58C2C1C3295C0C060040B9902BF1CBE7CA8375FFF7DFADF8F7F9AF308EBEC5F870FEBB8CF38FDF1F5D7F78FC66AF1CCE2E3F1FBFE47609070FA770AB3D0000E542AEC42FFF45C64FBFBAECCFBEF6BFECEED878F4573B477E0272783956F0EFC8B33B8FE537E8DE39BACBC84F4C8EFC9AE4CE68CD9EF68DE1E0F5AF7CC717190300502EE44AFCF23F13D9D9D9F937CB7EB7FAE9FFE79D9ED6772E8E2C3DC3CB898B052B0B9F2DFA33DAF244C153614D386C38F82BAFBCE267220100281772257E1F7CF0412693B978F1622A95AAD9F0D75FFCCEFF76BAEF8DF77ADBDEEB7BE374F8B7B7ED74EF1BD9C7D965E4CFDCB3C32BC39ABE68C9AE19DE31FBE08DE808B983BC110E1B0EBE7DFBF6C3870F871385D385938653C7FDEA0100604272257EA1190606067A7B7BDF7FFFFDA347DFFCDBE59F0C5DF1CBABEDDD57DBF3FFFE72F871C7F09FFD1DD153DDC31B748C3CEE18DD265AD99F5D1F0E180EFBD2D617F7ECD973ECD8B170A270BA7052B902004092C995F8DDB87123BA7DE5FCF9F3274F9EFCC94B4B3FFF4F1FDF7D74C38581533DD7DFBD30F06E4F58AE9FCAFE3B70EAC2F5E8F1A9ECBFD74F0D3F3BF0EE85DC96D95DA28DB3CBBBB9E5D4EE631BC201D7BDB874DBB66D070F1E0CA708278A6E5C09A78EFBD50300C084E44A227CF0C107D7AE5D4BA7D367CF9E3D7AF4E8779FF8DCFD0FDF792EF34E7AE8CC4D2EE120E150E1802FBDF4D29E3D7BC2C1C329C289C2E94CAD000090707225110A27583A3B3B0F1D3AB4F487FFF99B8FDF55AA58DE9B51AB84838443353535EDD8B1231C361CDCD40A0000E542AE244534C1D2DBDBDBD5D5D5DEDEDE72707BC88CFB1FBEB3E5ED676733AF327826EC18760F07F9D92BCFBEFAEAABFBF7EF0F870D070FA730B502004059902B49114DB05CBD7AF5D2A54B67CE9C397EFCF8BE7DFB963FF1B9CFFFD3C76B1BEF9B69AE845DC28E61F7175E7861DBB66DE150E180E1B0E1E0E114A6560000280B7225413EF8E083EBD7AFF7F7F7F7F4F4BCF7DE7BC78E1D0B99F1E4D66FFCDD8ADFFBEB876EFFE1B38B4F9CDB3779A5840DC26661E3B0CB132F7DA3A9A9E9D5575F0D0709870A070C870D070FA730B502004059902B0972E3C68DE84B8D2F5FBE7CE1C2851018C78F1FDFBF7FFF8E7FDD5EFBECE2BF5DFEC93F5F7ADBFF58F91F7FF0F47FDFBCA7E648EA955F5E690F4B7810FE0C2BC3536183B059D878F30B9B5E7AE9A51D3B7684DDC341C2A1C201C361A32F2F36B502004059902BC952582C3D3D3D67CE9C696F6F3F74E8D09E3D7BB66DDBB671FBF7573CF9E74BBEF71FFEF29BBFF55FBFFAB13FF9CAAF87253C087F8695E1A9B0C1E6CD9B43A8848DC32E61C7B07B38483894560100A0ECC895C4C9174B7F7FFFA54B97BABABA3A3B3B8F1E3D7AF0E0C15020DBB76F7FE59557B66EDD1A9AE4C5175FFC594E7810FE0C2BC3536183B059D838EC12760CBB8783844369150000CA8E5C49A2A858AE5FBF7EF5EAD5DEDEDEF3E7CF9F3D7BF6E4C993C78E1D3B7CF8F08103075E7BEDB59696963D05C29F6165782A6C10360B1B875DC28E61F77090E87E15AD02004079912B091515CBE0E0E0B56BD7AE5CB9924EA7437BBCFFFEFBA954AAB3B3F3C48913ED396FE7448FC3CAF054D8206C16360EBB841DC3EEE1205A050080722457126D5CB4F4F6F65EBC78F1C2850BE7CE9DEB2E125686A7C2066133A102004005902B65201F2D030303994CA6BFBF3FD4C8E5226165782A6C1036132A00005400B95236A26809868686064B79F1C517A39FAB172A00005406B95239EAEBEB53A954DCA30000805B46AE548EE6E6E6D6D6D6B847010000B78C5CA91C478F1EDDB46953DCA30000805B46AEDC8C8EA6A68EB16B7AF6AE19BF6ADECE75E1C285D5AB57CFC9C90100200E72E5A6846258B3B727FCBBAC94F0547EABA6A6FC36631E0F6F5274CCD99DABBABA3A93C9CCF5AB060080F921576E52CFDEA6C2B62835BB92EB8C8EE1270A63A474984C942BD33997BBED0100A82472A55076EA6236D7724D30E5111D2A3F2B3271AE4C3465526A0266D2736DDFBEBDA5A5E5E6DE040000480AB9526846B932DC0D636BA278C6A3A329B7CD049591CF95D1C394FA639AE7FAB0BDBDBDB1B171DAAF170000124DAE8C6A1A3FA1D131BA66A28AE968CA5DE735E1C448F4DC34665726CF95699D2B6C924EA76B6B6BE7EA0D020080F925570A15CEAE0CCF8A7C38FA57A962C926444FF4FCD8A7879FE8D89B2D8C825C99F0BC535F0C36D5B922EEB60700A062C8954205B9129A60CDB8FBDA4BF54A41424C9419E3BFD1ABF08BC1A67B31D874CF153434349C3C79F2D6BE2F0000100BB95268F25C29F57D5DD398F1E8299A5D19792EBF6EC6B932C9EC8ABBED0100A81872A5D0A4178395FC76E16C29EC0DF9D034FDD9957086EC1F6BD6AC29DC649A17834D71AE0FDD6D0F004005912B638CFD06AEA96FB5CF6D9F7D6A46B32B2347CEAF98D6ECCA74CE155CBE7CB9A6A666B66F00000024885CB935461362A471C67DFF57C13783E54325B769D1A4CDC43F1339F5B922215742B4DC9A17060000F1912B15A8B1B1B1BDBD3DEE510000C0CD922B1568674EDCA30000809B25572A90BBED0100A80C72A502653299EAEAEAB847010000374BAE54A6DADADA743A1DF7280000E0A6C895CAE46E7B00002A805CA94C2D2D2DDBB76F8F7B1400007053E44A653A79F264434343DCA30000809B22572A93BBED0100A80072A562B9DB1E00807227572AD6A64D9B8E1E3D1AF728000060F6E44AC56A6D6D6D6E6E8E7B140000307B72A562A552A9FAFAFAB847010000B327572A96BBED0100287772A592AD5EBDFAC2850B718F0200006649AE54B22D5BB6B4B5B5C53D0A00009825B952C9DC6D0F004059932B95ECECD9B34F3CF144DCA300008059922B956C7070B0AAAA2AEE510000C02CC9950A575757D7DDDD1DF72800006036E44A8573B73D0000E54BAE543877DB030050BEE44A85EBEEEEAEABAB8B7B140000301B72A5C20D0E0E565757877FE31E080000CC985CA97CEEB60700A04CC995CAB775EBD6D75F7F3DEE510000C08CC9950A974EA79F7BEEB9DADADABABABA1FFCE0078D8D8D718F080000A64BAE54B2871F7E78598175EBD6B9ED1E00803222572AD9FEFDFB57AC5891CF958D1B37EEDCB933EE410100C074C9950AF7E31FFF389F2B4F3EF9642A958A7B440000305D72A5C25DBE7CF9FBDFFF7E68959A9A9AEAEAEAB8870300003320572ADFFEFDFB972F5F5E5B5BBB69D3A6B8C70200003320571684C71E7B6CC58A156D6D6D710F0400006640AE2C08972F5F5EBE7C79F837EE810000C00CC815000020A1E40A00009050720500004828B902000024945C010000124AAE00000009255792EBC68D0F5F7EF3CC77B61C5A54B3352CBFB6645DC2973B576E09E3FC7263EB33FB3BFB0786E27EFF0000287B7225892E5E19F8C6A6831F7DA03EF602B999E50B4FEDEA3CD717F77B09004019932B89D3B0BFF3B6A50DD127FE3B566C7EB0E9D0B6A3BF0CCBA5BEA1AB990F93BC44E35CB5EDADFC5CD047BEF4E477B61CBA7123EEF7140080F2245712247CACFF72636BF441FFAE1FBED2763A1D7B81CC7A69EFEABB67ED8EE8B5DCFDE3572F5E1988FBDD0500A0FCC89504895AE5235F7AF2F1ED6FC7DE1BB76ABE25BAA46D51CD56732C0000CC945C498A86FD9D51AB848FF8B167C62D5CDA4EA7A36BDBBEB1E960DCEF3100006546AE24C2FB97FAA3CFF4EB769F883D306EF9B2BBE35CC8B0F0EA0E9FEE89FB9D0600A09CC89544882E03BBFB47AFC69E1673B43CD87428BA242CEE771A0080722257E2D73F30144D3E94F5BDF5932F97FA86A2E9A323EF9960010060BAE44AFC361F4E45330FB147C59C2EF73DDD125EE6433F3B14F7FB0D0040D9902BF15BD290FD1CBF626B5BEC4531A7CB8B47CE8497F9FB559BE37EBF0100281B72257ED18F2A56D81782152FDDE981F0326F5BDA10F7FB0D0040D9902BF1FBC4B73686CFF1ED5D7DB117C55C2FD12D3A71BFDF0000940DB912BFE8A7DF2FF50D4DFB73FFFE95D5FBC7AEE9DAB0B866CF9C34C6AD3C975C01006046E44AFCA25C99D1E7FECE8D4BEEDBD815FE5D544A786AA42B96ACACCE6F33E6F186774B1F73B6E79AD612BDD2B8DF6F0000CA865C89DF2C72259B22D5CF774E3EE3F1EEF3F72D7E7ECFC6252B5B86D36524510A1F4F9D2BD33A975C0100600EC895F8CD2A574682A4D48C47AE4F46674526CE95F0A0E49449CEE2C24499E25C72050080B92057E237C35C196E8CB13321C5331EFB57E6B699E022AE7CAE8C4EB38C995DC9CDCC744EF75C72050080392157E2379BD995969AFB36EE9F706E24770DD8A2915C99747665F25C99D6B93AA73D6CB90200C08CC895F8CD3657B269B1A77ADCE558FB57E6FA61CFC66CB114E4CA6413355374C854E732BB0200C01C912BF1BBC95C992833C67FA3D7E29A95A37132D3D99529CE25570000980B72257E7331BB7275FCADF61FE636CE574A74F3C98C73C5EC0A0000F349AEC46FB6B9F2FCCA45352BA73FBBB2A8664FF6DBBD96DCB7B8F08759A67931D814E7922B0000CC05B912BFD9FD4C64363F6638BB127D5D58B4E348AE4C3DBB329D73C9150000E6825C89DFEC7F77A530215A6AA2098F7C7214FDEE4A3E5472D152541A13FF4CE4D4E7922B0000CC05B912BF9BC995F25AE40A0000332257E227570000A024B912BFDB9636840FF1ED5D7DB1E7C45C2FD12B8DFBFD0600A06CC895F8DDB9724BF810BFBBE35CEC3931D74B78991F7DA03EEEF71B0080B22157E2F717EB7684CFF1EB769F883D27E6743970AA27BCCCDB1F7A2EEEF71B0080B22157E2F7A39D6F87CFF1F7ACDD117B51CCE9F260D3A1F0329734B4C4FD7E03005036E44AFC4E9DEF0B9FE33FF2A52753E7FB638F8AB95BEE58B139BCCC97DF3A13F7FB0D0040D9902B8970F78F5F0D1FE5FF61636BEC513147CB4FF775861778DBD286AB034371BFD90000940DB99208874FF744132C074EF5C49E16B77CE94E0F44DF09F6A39D6FC7FD4E0300504EE44A527CE15F76850FF49FF8D6C60ABB24EC52DFD0A29AADE1A5DDB972CB8D1B71BFCB00009415B99214FD0343D1371ADFFED0736DA7D3B167C62D59BAD30351ABDCB6B4E1D4F9BEB8DF630000CA8C5C4990CE737D77546D8E7E9CE4F1ED6FC71E1B37B93CF77A2ABA062CBC9CC3EFF5C4FDEE0200507EE44AB2F45F1BBA27F7332CD134CB834D87CAEE6E96F6AEBE55DBDE8ABE072C2C21C0CCAB0000303B7225716EDCF870EB9B6742AB441FF7A3259AA648F8523CE6477EF196FB5500009835B99250E153FEE623A9250D2D65112A85CB471FA8FFE253BB9ED9DFE93B8B0100B849720500004828B902000024945C010000124AAE00000009255700008084922B00004042C915866DDDBA75707030EE510000C028B9C2B0FAFAFA542A15F728000060945C61D8CE9CB847010000A3E40AC352A9547D7D7DDCA300008051728561838383555555718F02000046C91546D5D5D5757777C73D0A000018265718D5DCDCDCDADA1AF728000060985C61547B7B7B636363DCA300008061728551994CA6BABA3AEE510000C030B9C218B5B5B5E9743AEE51000040965C618C2D5BB6B4B5B5C53D0A0000C8922B8C115A25144BDCA30000802CB9C218E974BAB6B636EE51000040965C61BCEAEAEA4C2613F728000040AE50A4B1B1B1BDBD3DEE510000805CB9793D7BD72C5BB3B767F8AF8EA66579C36BC3AADCA3EC86E335758C1E65F42025CF31BA4F5353D1718AF7CDEE923FFAF867724F8C9E328CB060D3D6D6D6E6E6E659BE1B000070EBC895D92B911F6BF6EE1DF9E43F120539637BA0C4DAFCC38EF129321A22F9238E6C3CBE3B8AF62DDD4653E54A7777775D5DDD2D7EB3000060E6E44AA189672426D0D194AF89E18FFCC3FF4D9402E3F62E9536130EA730574ACEAE148CA6E4C1C2DE05BB36ED2D1EE3C883AAAAAAC1C1C119BC1100003007E44AA119E7CA48058CAF93E28C2965346D46663B968D999019B7E394B32B45232B5D2F85E78B5A67CD9A68D0F9A99CFAFAFA542A35A3370200006E39B932AA69EC5CC5D8598CE2E428752B4AEEBE92A68EDC8EC37B4C992BA3C7193E6DB4223BF9317AE28EC2C1ED9DF8DE9589AF071B1D44C98BC1C6BEC49D39B7E03D0500809B20570A15CE6F643FC28FBD837E5AF32E8517788DDC5032E5C56063CB65EC9CC8E899A733BB5230AD5338BB32E66AB3E13E2A7531D888542A555F5F3F8D970B00007348AE142AC895822BA3C63F356ADC5C4676873109326EC578234F8D3FD7C4A39BE0EAB009475434BB32FCFCA4B7DA07838383555555538E080000E6945C293479AE1427C5988FF9E3EB64788F195C0C963D63716F144D9194BE0AADA3601045231E3FBB3261AE64F78FB6AAABABEBEEEE9ED1DB070000B7965C2934E9C56025264026C89591DF4519993A99C6C560259E2B3ADF70A694F866E331879CE9BD2BE14C6BD6145EC1166DD5DCDCDCDADA3AC1E80000603EC89531C616C1E4B7DA7F38D5C560F96DA6912B45293236577A0A6FBB2F5C5B9C2B339A5D199DD2197B574CD0DEDEDED8D8587AE00000302FE4CACD98F462B052DBE457154450AE1AA2B0287999D7B2E29B68A6DC6878C3D2BF753FB2EDD83BFDC767592693A9AEAE9EFD7B030000374DAE30A1DADADA743A1DF728000058B8E40A13DAB2654B5B5B5BDCA3000060E1922B4C28B44A2896B8470100C0C2255798503A9DAEADAD8D7B1400002C5C7285C9545757673299B8470100C0022557984C6363637B7B7BDCA300006081922B4CA6B5B5B5B9B939EE510000B040C91526D3DDDD5D575717F728000058A0E40A53A8AAAA1A1C1C8C7B1400002C44728529D4D7D7A752A9B8470100C042245798C2CE9CB8470100C042245798422A95AAAFAF8F7B1400002C447285290C0E0E565555C53D0A00001622B9C2D4EAEAEABABBBBE31E0500000B8E5C616ACDCDCDADADAD718F0200800547AE30B5F6F6F6C6C6C6B8470100C0822357985A2693A9AEAE8E7B1400002C38728569A9ADAD4DA7D3718F0200808545AE302D5BB66C696B6B8B7B1400002C2C72856909AD128A25EE510000B0B0C815A6259D4ED7D6D6C63D0A00001616B9C274555757673299B8470100C002225798AEC6C6C6F6F6F6B8470100C002225798AED6D6D6E6E6E6B8470100C002225798AEEEEEEEBABABAB8470100C00222579881AAAAAAC1C1C1B8470100C04221579881FAFAFA542A15F72800005828E40A33B03327EE510000B050C8156620954AD5D7D7C73D0A0000160AB9C20C0C0E0E565555C53D0A0000160AB9C2CCD4D5D5757777C73D0A00001604B9C2CC343737B7B6B6C63D0A00001604B9C2CCB4B7B7373636C63D0A00001604B9C2CC643299EAEAEAB8470100C082205798B1471F7DB4B9B9F9B1C71E33CD0200C09C922B4C572693D9B56B57A8946539D539710F0A00804A265798AE55AB562D2BB06EDDBABABABAB80705004025932B4C576767677575753E57D6AF5FEF62300000E6945C6106F6EEDDBB72E5CA7CAE343737C73D2200002A995C6166366FDEBC7CF9F2902B7575757E8005008039255798B1B56BD7865C79E49147DADBDBE31E0B0000954CAE3063994CA6A6A666C58A15DDDDDD718F0500804A2657988D743ABD7CF9F2D02D710F0400804A265700008084922B00004042C915000020A1E40A00009050720500004828B902000024945C59406EDCF8F0E537CF7C67CBA145355BC3F26B4BD6257CB973E59630CE2F37B63EB3BFB37F6028EEF70F0080F9265716848B5706BEB1E9E0471FA88FBD406E66F9C253BB3ACFF5C5FD5E0200307FE44AE56BD8DF79DBD286E813FF1D2B363FD87468DBD15F86E552DFD0D5CC87495EA271AEDAF6567E2EE8235F7AF23B5B0EDDB811F77B0A00C0BC902B952C7CACFF72636BF441FFAE1FBED2763A1D7B81CC7A69EFEABB67ED8EE8B5DCFDE3572F5E1988FBDD050060CEC9954A16B5CA47BEF4E4E3DBDF8EBD376ED57C4B7449DBA29AADE65800002A9E5CA9580DFB3BA356091FF163CF8C5BB8B49D4E47D7B67D63D3C1B8DF630000E6965CA94CEF5FEA8F3ED3AFDB7D22F6C0B8E5CBEE8E7321C3C2AB3B7CBA27EE771A00803924572A537419D8DD3F7A35F6B498A3E5C1A643D1256171BFD30000CC21B95281FA0786A2C987B2BEB77EF2E552DF50347D74E43D132C0000154BAE54A0CD8753D1CC43EC5131A7CB7D4FB78497F9D0CF0EC5FD7E03003057E44A055AD290FD1CBF626B5BEC4531A7CB8B47CE8497F9FB559BE37EBF0100982B72A502453FAA58615F0856BC74A707C2CBBC6D6943DCEF3700007345AE54A04F7C6B63F81CDFDED5177B51CCF512DDA213F7FB0D00C05C912B1528FAE9F74B7D43B1E7845C0100E066C8950A14E5CA984FF6EF3E7FDFA2251BDE1DFE734FF5A2BCFB36766557B6D42C5AFC7C67E6C3CE8D4B168D57B367F8385D1B168F1EA46809CF8EEEB3B2BAA6E838C5FB667759D952EA6861C0D5FBAFE6C6333AC2DC9AC2257AA571BFDF0000CC15B952810A73A5447E2C7E7E43F570248467476BA1540F5CCDEC5F99CF95FC062DE35364B8280A3223BFF1C8294652A768DF7186C723570000902B1569DCECCA9EEAFCB4C6707BEC89722524416E46654C934C982BA1374A6D939DB729585F982B2567575A6A46DBA66889DAA660F2A7664371AE14748B5C0100A86C72A502155D0C1695C6E8A55C51AE1467CC24B9523049B268CC84CCB81DA79C5D29EA93D2F55230BB323C81B37849F6802317ADC91500808540AE54A0825C19733F497ECA6265365742872C1A99A6983257468F335C17D94995B0FBF3D1FA28600A6645966CD838F1BD2B135F0F361A42252F061B1DB05C01005810E44A052A71ABFDD8654FC1BD2BB91898CEC56023132651A8144C710C874A1412D3995D29B81EAC707665CC8D34D1594A5E0C26570000160CB95281C6E64A6E1665EC14473E57B2CF66C3631AB932F62AAC09977CAE8CBD1D65CC3653CDAE0CCFD2B8D51E0060C1932B15A82857465324BA5F65345786EFB69FC1C560D96829EE8D7CC914DD7352E25AAF69CEAE4C982B5162C9150080CA27572AD0B47265E47751728530BD8BC14A5C545674F7FCF0455CA3EB6731BB52225742E144B7DA670ABFD04CAE00005438B95281667231D8944D52F054518A8CCD95AEC2DBEE27BF186C46B32BA3533ABEC818006081912B15680617834D9C2BA35FF3956D835C8A44731AC3D132DE98EF239E609BE2BB5F4A7E91719428D1FA31B7D9144DC2C8150080CA26572AD094DF0C56318B5C0100A86C72A502C91500002A835CA940B72D6D081FE2DBBBFA62CF89B95EA2571AF7FB0D00C05C912B15E8CE955BC287F8DD1DE762CF89B95EC2CBFCE803F571BFDF0000CC15B95281FE62DD8EF0397EDDEE13B1E7C49C2E074EF5849779FB43CFC5FD7E03003057E44A05FAD1CEB7C3E7F87BD6EE88BD28E67479B0E95078994B1A5AE27EBF0100982B72A5029D3ADF173EC77FE44B4FA6CEF7C71E1573B7DCB1627378992FBF7526EEF71B0080B922572AD3DD3F7E357C94FF878DADB147C51C2D3FDDD7195EE06D4B1BAE0E0CC5FD6603003057E44A653A7CBA279A603970AA27F6B4B8E54B777A20FA4EB01FED7C3BEE771A00803924572AD617FE6557F840FF896F6DACB04BC22EF50D2DAAD91A5EDA9D2BB7DCB811F7BB0C00C05C922B15AB7F6028FA46E3DB1F7AAEED743AF6CCB8254B777A206A95DB96369C3ADF17F77B0C00C0DC922B95ACF35CDF1D559BA31F27797CFBDBB1C7C64D2ECFBD9E8AAE010B2FE7F07B3D71BFBB0000CC39B952E1FAAF0DDD93FB1996689AE5C1A6436577374B7B57DFAA6D6F45DF0316961060E65500001608B952F96EDCF870EB9B6742AB441FF7A3259AA648F8523CE6477EF196FB550000160EB9B250844FF99B8FA49634B49445A8142E1F7DA0FE8B4FED7A667FA7EF2C06005868E40A00009050720500004828B902000024945C010000124AAE000000092557CA4ECFDE354D1DA37F76342D2BFC33DA60CDDE097F44313CBB2CAFA9A969D978C5FB667719778E7163193D65F170000060B6E44A39CA37C1B87419FB64C7F814190D91FC7E231B8FEF8EA27DC7193EEB54B9B275EBD6C1C1C1397C270000A86872254613CF5A4C64E28A1849915201537CAAC25C2979A48EA6C92768C2DE05BB36ED2DCE95DC83C6C6C6F6F6F699BC4200001825576234AB5C992046A25A2898ED28D8301B1663779B72766582E39778227FBEA875D6E44E1C0E9BDBA1B5B5B5B9B97926AF10000046C995D8348D9DCF183BD33141C54C912BA3F7A50C1F325A919DFC183D6847E189F74E7CEFCAC43339A34328793158C116172E5C58BD7AF52D7BCB00005860E44A8C0AE740B21FF34767308AE74346D74F7E31D848D244A132764E64F4A8D3995D29B81EAC707665CCD566C37D54EA62B011B5B5B5E9747AB66F1100000B9A5C895141AE8C5C3D55E2A942535D0C56749C89CF3CC1D56163CE35E9ECCAF0F3537D33D8962D5BDADADAA61C11000014932B319A3C5726CF8E921B147C497178B2B8378AA648C67CABF1B86BBDA639BB3261AE64F70FFF855609C5329BB7070080054FAEC468D28BC126BCE3BDF0BEFAD1898E49E2A6C4B77C0D674A896F362EDC6DC6F7AE8433AD59337ABD592E5732994C7575F50CDE150000182157E234B61AA6B8D57EA449C6CFAB8CDEAB325A31E36E6629DCBEA7F0B6FBC2B5C5B932A3D995D1299DB177C504757575DDDDDD337D73000040AE949FF157708D99235936365A26BC1CACD4814A6E34BCE144579E45EB0BDA6434BAF255D3DCDCDCDADA7ACBDF0700002A9E5C61CEA552A9FAFAFAB847010040F9912BCCB9C1C1C1EAEAEAF06FDC030100A0CCC815E6437D7D7D2A958A7B1400009419B9C27C686D6D6D6E6E8E7B1400009419B9C27CE8EEEEAEABAB8B7B1400009419B9C23CA9AEAECE6432718F02008072225798275BB66C696B6B8B7B1400009413B9C23C09AD128A25EE510000504EE40AF3249D4ED7D6D6C63D0A0000CA895C61FEAC5EBDFAC2850B718F020080B22157983FCDCDCDADADAD718F020080B22157983FEDEDED8D8D8D718F020080B22157983F838383D5D5D5E1DFB80702004079902BCCABFAFAFA542A15F7280000280F728579B53327EE510000501EE40AF3EAECD9B34F3CF144DCA30000A03CC815E65B7575752693897B1400009401B9C27C6B6C6C6C6F6F8F7B1400009401B9C27C7BFDF5D7B76EDD1AF728000028037285F9964EA71F7DF4D15DBB763DF6D8637E8605008049C815E64F2693892A65594E754EDC83020020B9E40AF367D5AA55CB0AAC5BB7AEAEAE2EEE410100905C7285F9D3D9D9595D5D9DCF95F5EBD7BB180C008049C815E6D5DEBD7B57AE5C19E5CAD34F3FDDDCDC1CF7880000482EB9C27CDBBC79F3F2E5CB43AEFCE4273F696D6D8D7B38000024975C21066BD7AE0DB9F2E8A38FFA011600002621578841269359B56A55555555777777DC63010020B9E40AF1E8E9E959B16245E896B80702004072C915000020A1E40A00009050720500004828B902000024945C010000124AAE00000009255798991B373E7CF9CD33DFD9726851CDD6B0FCDA9275095FEE5CB9258CF3CB8DADCFECEFEC1F188AFBFD03006006E40AD375F1CAC037361DFCE803F5B117C8CD2C5F786A57E7B9BEB8DF4B0000A645AE302D0DFB3B6F5BDA107DE2BF63C5E6079B0E6D3BFACBB05CEA1BBA9AF930C94B34CE55DBDECACF057DE44B4F7E67CBA11B37E27E4F0100988A5C610AE163FD971B5BA30FFA77FDF095B6D3E9D80B64D64B7B57DF3D6B7744AFE5EE1FBF7AF1CA40DCEF2E000093912B4C216A958F7CE9C9C7B7BF1D7B6FDCAAF996E892B645355BCDB1000024995C61320DFB3BA356091FF163CF8C5BB8B49D4E47D7B67D63D3C1B8DF63000026245798D0FB97FAA3CFF4EB769F883D306EF9B2BBE35CC8B0F0EA0E9FEE89FB9D0600A034B9C284A2CBC0EEFED1ABB1A7C51C2D0F361D8A2E098BFB9D0600A034B94269FD0343D1E44359DF5B3FF972A96F289A3E3AF29E0916008024922B94B6F9702A9A79883D2AE674B9EFE996F0321FFAD9A1B8DF6F00004A902B94B6A421FB397EC5D6B6D88B624E97178F9C092FF3F7AB36C7FD7E030050825CA1B4E847152BEC0BC18A97EEF4407899B72D6D88FBFD0600A004B942699FF8D6C6F039BEBDAB2FF6A298EB25BA4527EEF71B008012E40AA5453FFD7EA96F28F69C902B00000B965CA1B42857A6FAACDFB56171CD9ED13FF7AF5C54F867B4C1920DEF4EB2FBA2BC95D5358BC62BDE37BBCBCA9652477BF7F9FBAAF787079D1B97DCB7B12BBBA6A566516ECDE44BF44AE37EBF01002841AE50DAF472A53051C6A5CB876382A1657C8A0C17454166E4370EBD910B9291D429DA779CE17A912B00001547AE50DAD4B93271458CA448A98089BAA27012A630574ACEAEB4D48CB64DD112B5CD9EEAFC2E351B8A7365D26E912B0000892557286D5AB952AA01F2931B05932405976F659B646CC34C39BB32C1F127B9186CB89A162FC91E301C76F1F39D66570000CA905CA1B49BCE95D1FB5286EB223BA9B26851F5F3D1FA28600A6645966CD838F1BD2B13CFE48C8650C98BC1B2679CE27A30B9020090587285D26EC5C56023491385CAD8298E6CA84421319DD99582EBC10A675746B6CC5F6336C1C560720500A03CC9154ABBF98BC1A6BC0A6BFCC560054718FFDD5F53CDAE0CCFD2B8D51E00A0B2C8154A9BF637834D749349C19714876829EE8D7CC914DD7352E25AAF69CEAE4C982BFB574E1C4E72050020B1E40AA54D952B51A2E44365F47EFA3DD58B26F922AF3DD54561337C11D7E8FA59CCAE94C8955038D1ADF6D153720500A00CC9154A9B3C57469A64FCBC4A581FFA213B4F12E541518A8CCD95AEC2DBEE27BF186C46B32BA3533ABEC81800A09CC9154A9BE6C560E3AFE01A9DC4C8A5C8986899F88EFC89B729BEFBA5E4171947C388D647C9347C0D58F1248C5C0100281F7285D26672EF4A792F72050020B1E40AA5C915000062275728EDB6A50DE1437C7B575FEC3931D74BF44AE37EBF01002841AE50DA9D2BB7840FF1BB3BCEC59E1373BD8497F9D107EAE37EBF01002841AE50DA5FACDB113EC7AFDB7D22F69C98D3E5C0A99EF0326F7FE8B9B8DF6F00004A902B94F6A39D6F87CFF1F7ACDD117B51CCE9F260D3A1F0329734B4C4FD7E030050825CA1B453E7FBC2E7F88F7CE9C9D4F9FED8A362EE963B566C0E2FF3E5B7CEC4FD7E030050825C614277FFF8D5F051FE1F36B6C61E1573B4FC745F677881B72D6DB83A3014F79B0D0040097285091D3EDD134DB01C38D5137B5ADCF2A53B3D107D27D88F76BE1DF73B0D0040697285C97CE15F76850FF49FF8D6C60ABB24EC52DFD0A29AADE1A5DDB972CB8D1B71BFCB00004C40AE3099FE81A1E81B8D6F7FE8B9B6D3E9D833E3962CDDE981A8556E5BDA70EA7C5FDCEF31000013922B4CA1F35CDF1D559BA31F27797CFBDBB1C7C64D2ECFBD9E8AAE010B2FE7F07B3D71BFBB00004C46AE30B5FE6B43F7E47E86259A6679B0E950D9DDCDD2DED5B76ADB5BD1F7808525049879150080E4932B4CCB8D1B1F6E7DF34C6895E8E37EB444D314095F8AC7FCC82FDE72BF0A004059902BCC40F894BFF9486A49434B59844AE1F2D107EABFF8D4AE67F677FACE62008032225700008084922B00004042C915000020A1E40A00009050720500004828B9427918CC897B140000CC2BB94219D8BE7D7B5555D5C99327E31E080000F34AAE500642AE2C5BB66CCB962D710F040080792557280367CF9E0DB9525D5DED7A3000800545AE90301D4DCBD6ECED295ABD7AF5EA502C478F1E8D61480000C444AE9030E37225FCB96C5953C7873B77EE0C0F366DDA14E3D000009867728569EAD9BB269B0D736E3457B2675CB6A6A92977DE0B172E845CA9AAAA723D1800C0C2215798A6F9CF95F1E7753D1800C04223579896EC255991E196E8185D3361C58C6E331220B916D9DB3476E5B8A32D9B28575C0F0600B0D0C815A6A97076255B17A34D91FDABB8580A6749F2FB8EDC8932BC2EDA60CCFE630F3DE6BCF9EBC13299CC5CBC4200009246AE304D05B932F1F55AA3C6CE978C4C998C6B98A275531DFC89279E08876A6B6B9B8317080040E2C815A669F25C29FAEEE1D2DF477CB3B9D2D2D21272A5A1A1E196BC240000124EAE304D935E0C56BA4C0A2FF18A1E96CA95315B46DF063661AEA4D369D78301002C1C7285E9CA95C44C6EB51FDEA1708B92B932F69EFCBD63BFC878D9F8D3B81E0C0060E1902B9419D78301002C1C72853273F9F2E568B2253C887B2C0000CC2DB942F9A9AFAF0FB9F2FAEBAFC73D100000E6965CA1FC845009B912A225EE81000030B7E40AE5C7F56000000B845CA12CB91E0C006021902B94A5E87AB0279E7822EE8100003087E40A652993C9545555856249A7D3718F050080B9225728570D0D0D21575A5A5AE21E0800007345AE50AEDADADA5C0F060050D9E40AE5CAF5600000154FAE50C65C0F060050D9E40A65ECE8D1A3215756AF5E1DF74000009813728532363838185D0F76E1C285B8C70200C0AD2757286F9B366D0AB9B273E7CEB8070200C0AD2757286FAE070300A8607285F2E67A3000800A2657287BD1F560DBB76F8F7B200000DC627285B277F2E4C9902BB5B5B5710F0400805B4CAE50F6060707ABABAB43B19C3D7B36EEB10000702BC9152AC1962D5B5C0F06005079E40A95C0F56000001549AE50095C0F06005091E40A1562EBD6AD21577EF6B39FEDDAB5EBB1C71E6B6C6C8C7B440000DC2CB94225C86432D1ED2B91EA9CB8070500C0CD922B548255AB562D2BB06EDDBABABABAB8070500C0CD922B5482CECECEE8DE95C8FAF5EB5D0C06005001E40A1562EFDEBDDFFBDEF7A25C79FAE9A79B9B9BE31E110000374BAE5039366FDE1CE5CADAB56B5B5B5BE31E0E0000374BAE50516A6A6A42AEAC5AB5AABDBD3DEEB1000070B3E40A15E5D4A9532157BEFBDDEF767777C73D1600006E965CA1D21C3870E0D1471FCD6432710F0400809B255700008084922B00004042C915000020A1E40A0BC28D09C43D2E0000262357A84C518D7C9033343434383878BD4858199E8AB6512F0000092457A834F9500935D2DFDB77EAE0E1A3BFD8B9EB27EB77AE7D2A5AC29FEFEC3B90EEB9D8DFDF9FC964AE5DBB16A58B680100481AB942E5C8874AA894D77EBAF189CFDFFBB5DFFC9DAFFCFAFF5A72094FADFDD3BF0A1973AEABEBF2E5CB215D42B78816008044912B548828544272EC5CFBD483B77FAA304B1EFE4FFFA5F68F3ED770EFFD61090FC29F851913366EFEE19A9EF3178AA325EED70400B0D0C9152A41D42A5DC73BBEF7E9CF4411F2F5DFFADDA7BEB8F8CD9F3E93397972E8CC99714B587964FD86B041BE5B567CEA0F8FEF79EDE2C58B215A3299CCF5EBD7150B0040ECE40A652F6A95375E6A8EDAE3818FFDBBC6BFFFC774DB1BC59552BC84CD1AEEBD3FEC12CDC3EC7AE6D9F3E7CFF7F6F6F6F7F72B160080D8C915CA5BBE55A2E4F8DEA73FD3B5BB653AA152B89CDDB97BC5A7FE304A9D1DEB9FE9EEEE4EA7D38A0500207672853216B5CAD15FEC8C5A65ED9FFE55C94BBFA6B3841D57DFFD1751B1EC7AE659C50200900472857295BF5FE59B1FFF64C88CDA3FFADCF5D3A767D72AD112767FE4AECF46F7BD1CD9B547B10000C44EAE50AE423F643299E822AE6577FCC195E3C74B46C8F9FD0777AE7C64ED9FFED5E3777D365A1AEEBDFFC0EABA921B87832CFBE4A7A3039EE8E83877EE5C6F6F6F38CBE0E0A05C0100987F7285B2144DAD6C7BE4F190165FFD8DDF2E79BF4A688F502613FDEECA373FFEC99031C57B85438503860D7EFAEDE5A954EAFCF9F3972F5FBE76ED9A09160080F92757284BD16F41469781BDF8B57F2EAE8E33DB7746CF4EBEACFDD3BF2A9E9669FAF2D7A34BC2DE3A72241CE9E2C58BFDFDFDD18FB1C4FDBA01001616B942F989A65676FD647D14157D6F1E1D3875AA7049FDBC793AAD122D3FF8F467C6ED1E0E187D27F2F3DF5FD5D9D9D9DDDDDDDBDB6B82050060FEC915CA4F6886C1C1C1DA3FFA5C288A867BEFBF72FCF8B8E507233F1639CDE5C5AFFDF398231C3BFED4171767BF16F9FFF8A363C78E154EB0C8150080F92457283FD19560D19717BFD9B0217DE850FAD0EBB97F0FA55F7F7DDB832B66D42AD192FA7973D877F838AF1F7AF3A7CF445F6A7C68FF81CECECE73E7CE5DBE7C39FA8AB0B85F3D00C0022257283FA119DED97720FA1DFAF3BB778F5B1EBCFD53B3C895867BEF1F779CE886FB97D6379CE8E8E8EAEACA5F0F16F7AB07005840E40AE567686868DFB39B434B3CFC9FFECBFBCDAF6497579AA3E5C0EABA59B44A5842E49C7DF9E5EC41460EF8BDDC15658D35B585D7838553C7FDEA01001610B94299896E5CD9B9F6A9E87BBDDE7DE185C2E5C5AFFDF3EC72252CE30E15DD1BF3D36F2F7FF3CD3753A994DB570000E69F5CA1CC845AB87EFDFA8E354F869678E2F3F7BEB36143E1D2F0DFFE66D6B9F25A754DE1A1420B45B972E4C891CECECEF3E7CF47BF702F570000E68D5CA1CC8CCB95F6F5EB0B979BCC95C2438DCB95FCDDF672050060DEC815CA4C61AEACBEFB2FC6CDAE44BFF038BB65DCA1F21783C9150080B8C815CA4C942BF95BEDC7DD707233B7DA8F3BD48A4FFDE15772BF1429570000E22257283351AE1CDFF3DA57725F649CFD3AAFE8BBBC4696597E91F17FFB9BE1AF17CB7D2D58386CFE8B8CE50A00405CE40A6526CA9574CFC5E867220FACAE1BF77B29B3FB99C8775F78A1F020D12C4D38C5CE1D3BDC6A0F001017B9429989BEC83894C323777D3614C5535F5C9C7E3DFB3BF4FFB3E0DFEADC755CD35F9ABEFCF5DCEFD9E77ED23EF7E089CFDF1BD67FEFD39F79EDB5D77C913100405CE40AE5676868289443F30FD784A2F8FA6FFDEE85D6FD578E1F2F5C3AB7BCF4CD8F7F729AADF2C3FFFCC7578E8DD93D1CF06BBFF93BE1A927BFFEED902B7E261200202E7285F2F3C1071F5CBB76ED5C5757689510158D7FFF8F03A74E8D5B523F6F5EF6C94F4FD92AD9C999B637C6EDDB70EFFD51086D6F6E3E78F0607B7B7B5757576F6F6F38693875DCAF1E006001912B949F2857FA7BFB9EFFFEAAD0155FFD8DDF3EB37DE7D09933E3962BC78F4FF2BDC621660EACAE2BDE2B1C2ABAC9BEEEFE7F7CEDB5D70AEFB3972B0000F34CAE507EF2B7AF9CFFD5AFA2AF1B5E76C71F5C3976BCB83DA268D9B9F291867BEF7FFCAECF464B689823EB3794DEF8D8F1684EE6C1DB3FB573C78E83070F165E09E6C6150080792657283FA119A20996DEDEDEE3AD07A24BC21EB9EBB3D74F9F2E1921D35CC2EE0F7FE68FA3CBC05E5ADF10DD64DFD9D9D9DDDD9DBF124CAE0000CC27B942590AE570FDFAF5FEFEFE8B172FEE7B7673F4A5C6B57FF4B92BC74BCFB14CB9841DA3AF1A0B876AACA90DAD12DDB5929F5A09A773251800C03C932B94A5FC04CBE5CB97CF9F3FBFEB9967A36259F6C94F77ED6E9969AB845DA21F978C5A65CF9E3DD16560A9542A1C3C7FD78AA91500807926572857D11D2C994CA6B7B7F7DCB973A158A2ABC2BEFA1BBFFDD417174F742BCBB8A5EFCDA361E3E8DEFAB07B61AB4477D887838753B86B05002016728572154DB0449784A5D3E9EEEEEE23BBF62CBBE30FA22FFEFADA6FFECE139FBFF7C8FA0D03A74E15574A58199E0A1B44BFAF124DCBBCB4BEA1B055C201C361F39781C9150080F927572863C5C572A2A3E3F9EFAF2AFC8DC810242B3EF5878FDCF5D9A7BEB8382CE141F8335F29D1A4CA935FFFF6CE1D3BA2AF2DD62A0000C92157286FE38AE5DCB973A74F9F7EEBC891C69ADA5026D1555E2597F0D4C39FF9E39F7E7BF9F6E6E6E8C6FA37DF7CB3BDBD3DEC1E0EA25500009240AE50F60A8BA5B7B7F7FCF9F367CE9CE9ECEC3C76ECD8EBADFBB73FF3EC0B8FAF0959925FC29F2FAD6F88A653C20651A844932A61C7B07B38885601004802B94225C8174B2693B97CF9F2C58B17CF9D3B1745CB898E8E90226FE61C2910AD094F850DA25009BB841DC3EEE1205A05002009E40A15222A96C1C1C16BD7AEF5F7F7E7A3A5ABAB2BA4C8E9D3A753A9546781F06758199E0A1B44A1124DAA84DDC341B40A004012C8152AC78D9C71D11222E4D2A54BA146CEE79CCB891E8795E1A9B041D86C5CA86815008024902B549AC268B97EFD7AD42D91CB05F22BC3066133A1020090407285CA948F96606868284A9771C2CAF054B48D5001004820B9C282706302718F0B0080C9C815000020A1E40A00009050720500004828B902000024945C010000124AAE00000009255700008084922B00004042C915000020A1E40A00009050720500004828B902000024945C010000124AAE00000009255700008084922B00004042C915000020A1E40A00009050720500004828B902000024945C010000124AAE00000009255700008084922B00004042C915000020A1E40A00009050720500004828B902000024945C010000124AAE00000009255700008084922B00004042C915000020A1E40A00009050720500004828B902000024945C010000124AAE00000009255700008084922B00004042C915000020A1E40A00009050720500004828B902000024945C010000124AAE00000009255700008084922B00004042C915000020A1E40A000090507205000048A8FF1FCB04507B2C7E2E990000000049454E44AE426082, '8', 'qingjia.png');
INSERT INTO `jbpm4_lob` VALUES ('16', '0', 0x3C3F786D6C2076657273696F6E3D22312E302220656E636F64696E673D225554462D38223F3E0A0A3C70726F63657373206E616D653D2271696E676A69612220786D6C6E733D22687474703A2F2F6A62706D2E6F72672F342E342F6A70646C223E0A2020203C7374617274206E616D653D227374617274312220673D223132352C35342C34382C3438223E0A2020202020203C7472616E736974696F6E206E616D653D22746F20E8AFB7E58187E794B3E8AFB72220746F3D22E8AFB7E58187E794B3E8AFB72220673D222D36392C2D3232222F3E0A2020203C2F73746172743E0A2020203C656E64206E616D653D22656E64312220673D223232362C3435372C34382C3438222F3E0A2020203C7461736B206E616D653D22E8AFB7E58187E794B3E8AFB72220673D223132332C3135302C39322C3532222061737369676E65653D22237B666F726D2E6170706C696361746F727D223E0A2020202020203C7472616E736974696F6E206E616D653D22746F20E983A8E997A8E7BB8FE79086E5AEA1E689B92220746F3D22E983A8E997A8E7BB8FE79086E5AEA1E689B92220673D222D39332C2D3232222F3E0A2020203C2F7461736B3E0A2020203C7461736B206E616D653D22E983A8E997A8E7BB8FE79086E5AEA1E689B92220673D223135302C3237312C39322C3532222061737369676E65653D22E5BCA0E4B889223E0A2020202020203C7472616E736974696F6E206E616D653D22746F20E680BBE7BB8FE79086E5AEA1E689B92220746F3D22E680BBE7BB8FE79086E5AEA1E689B92220673D222D38312C2D3232222F3E0A2020203C2F7461736B3E0A2020203C7461736B206E616D653D22E680BBE7BB8FE79086E5AEA1E689B92220673D223137332C3336312C39322C3532222061737369676E65653D22E78E8BE4BA94223E0A2020202020203C7472616E736974696F6E206E616D653D22746F20656E64312220746F3D22656E64312220673D222D35302C2D3232222F3E0A2020203C2F7461736B3E0D0A3C2F70726F636573733E, '15', 'qingjia.jpdl.xml');
INSERT INTO `jbpm4_lob` VALUES ('17', '0', 0x89504E470D0A1A0A0000000D494844520000043A0000022C08020000009C105E5200003B4649444154789CEDDD7F7094E761E8FB33D33FF35F3A99E975CF747273A633B7EECDA93B674EC699E9B943E7E48E4F67EEAD9B93B66E736E4FD2BA35DC53A789D390A4691C1350821CE46BC5264110BB16B10CB20D16B1712C1C283F84116040B6014B18E1C5604501047B24108B908CEFB3FB4AAB9576F513A4F7DDD5E733EFC0EADDF7C7B3FBD77EE779DFDD7FF32100004022FD9BB807000000509A5C010000124AAE00000009255700008084922B00004042C915000020A1E40A00009050720500004828B902000024945C010000124AAE00000009255700008084922B00004042C915000020A1E40A00009050720500004828B902000024945C010000124AAE00000009255700008084922B00004042C915000020A1E40A00009050720500004828B902000024945C010000124AAE00000009255700008084922B00004042C915000020A1E40A00009050720500004828B902000024945C010000124AAE00000009255700008084922B00004042C915000020A1E40A00009050720500004828B902000024945C010000124AAE00000009255700008084922B00004042C915000020A1E40A00009050720500004828B902000024945C010000124AAE00000009255700008084922B00004042C915000020A1E40A00009050720500004828B902000024945C010000124AAE948D1B376E7C90333434343881F054B44DD838EEF10200C0CD922B65200A955023030303994CA6BFBFFFCA952B978B8495E1A9B041D82C6C2C5A000028777225D1F2A172EDDAB550232FB5AEFEDE537FF9FF7EFF3FFCE5377FEBBF7EF5637FF2955F0F4B7810FE0C2BC3532FEE5B7DF1E2C5DEDEDEB071D845B4000050D6E44A4215864ADFE5DED59BEEFFBBE5FFFECF97DEF63F56FEC71F3CFDDF37EFA939927AE59757DAC3121E843FC3CAF054D8206C1636FED5B9EE743A2D5A0000286B722589A256B97EFDFAD5AB571BB62DBB6FC5EFFDF543B7FFF0D9C527CEED4B0F9D9964091B84CDC2C66197A7B72D3B7FFE7C6F6F6F38483894620100A0ECC895C4895A656060A0BFBFBFEA5FFEFCF3FFF4F1DAC6FB26AF94E225EC12760CBB7775755DBA74291C2A1C50B10000505EE44AB2E45BA5BB27F5F5C7FECFFB1FBEB3E5ED6767DA2AD112760CBB8783BC933ADAD3D373F9F265C502004079912B09926F9590162133BEF9F85DE732EFCCAE55A225EC1E0E120EF5DE7BEF5DB87041B10000505EE44A8244F7ABF4F7F7AF78F2CFEE7FF8CE9B6C957CB1844385038662E9E9E909078FEE6389FBB50200C0D4E44A52DCB871637070F0EAD5ABEB9BBFFDF97FFAF8ACAF012B7955583860FD2BDF3E73E6CCA54B97C229C2894CB00000907C7225293EF8E0836BD7AEA5FFE7C5BF5BF17BD3BDB77E700677DE87C3BEDD7EACABABABB7B7379CC8040B0000C9275712219A5AB972E54AED738BFFFAA1DFE91938D533F0EE85EBA7C2D213FE1D7837FBE740F641F6F1F568094FBD9B5B93DD38EC7221FC793DDA20BB6376FDF59195D7DF0D870D07EFECEC3C7FFE7C389109160000924FAE24C2F0D44A3AFDB7DFFDDF1FD9786FF7D5F65F162CE1CFEEFEDCBFD19FFDB9F5D19AFE8EEEAB1DDD239B8D6E7F75789BFC9FE1B0E1E0478F1E3D7BF66C389109160000924FAEC42F3FB5F2DCCE1FFCD9D2DB0E9DFEF9E9DEB6DCF246F8F7BDE8715FF641F4F8BDBEB6E10DFADE88B6399D5DF3C67BD96574E3FC06EFE57639947A391C7CE38E95274F9E34C102004059902BF18BBEBCB8B7B777D94F3EBBF87BBF7FA267DF898BADEF444BCFBE6839D1131E476B5A4F6497DCCA8BB9C7B92D73FFEECBADCFFD997F36FA333C75715F38F8433FF9ECB163C7DE7FFFFD70BAE84B8DE37EF500003021B912BFD00C994CE6E2C5EC4DF6A1588EFEEA5F8F76E7965FFDEB5B234B6EE58EB0F2ADEE7F1DDEE0573B8E46EBA307DDB9CD721B64771979707474F77F0DAD124E71F8F0E1542A154E174E2A5700004832B912BFA1A1A1FEFEFE0B172EDCF38D7F5BF7D2570F9DFDF9A1B32FE7FECD2E87A30767F22BC3BF2F1FCEAD391C1E47EBCF44DBE4F71A5953B0326C1C0E1E4E71E0C081CECECE70BA70D270EAB85F3D00004C48AEC42FBA71E5DCB9739F7DE0632FECFFFFF6BDFBC2BE54D3BE779B5A53A34B764DEA85D6D40BD1837DC32B5F081BE736889E8AFE8C96E1CDF25B8695E1E0E114AFBDF6DA891327C2E9A2DB57E27EF500003021B912BFD00C972F5FEEEEEEFE93AFFCFAF6B7D7EFE97C362C2DB97F871F9C8CFE7C2EF7E7732D279F1BFB6C589F5D13AD6C3999DFFDB9E13FB3DB6737D8717C7D38454B4B4B7B7B7B385D38A95C010020C9E44AFC0A73E517C7FE65D73B1B77BDB36164D938E6CF93D93F77BFB361F7C90DD1835D273764FF8C560E6F3FF2ECC90D85C709DBBC7AECA9708A3D7BF6C8150000CA825C895F3E573EFBC0C79E7BAD3A9B1927370EB7C7C92842428144DDB27124543646CF468F875B65A44F768F94CCF036C3FB6E78766F753845C895B7DF7E5BAE0000907C72257EF95CB9E7EBFFF6F1A6BF8FAEE36AE9CC5FE2357C29577425D89ECED12BC1F21BEC19DD2CDA20BF3C5BF0E0D970F0700AB9020040B9902BF1CBE7CADF2EFFE43FD7FD5F8577D8B79E1E73C37DE93593AF2F58C2C1C3295C0C060040B9902BF1CBE7CA8375FFF7DFADF8F7F9AF308EBEC5F870FEBB8CF38FDF1F5D7F78FC66AF1CCE2E3F1FBFE47609070FA770AB3D0000E542AEC42FFF45C64FBFBAECCFBEF6BFECEED878F4573B477E0272783956F0EFC8B33B8FE537E8DE39BACBC84F4C8EFC9AE4CE68CD9EF68DE1E0F5AF7CC717190300502EE44AFCF23F13D9D9D9F937CB7EB7FAE9FFE79D9ED6772E8E2C3DC3CB898B052B0B9F2DFA33DAF244C153614D386C38F82BAFBCE267220100281772257E1F7CF0412693B978F1622A95AAD9F0D75FFCCEFF76BAEF8DF77ADBDEEB7BE374F8B7B7ED74EF1BD9C7D965E4CFDCB3C32BC39ABE68C9AE19DE31FBE08DE808B983BC110E1B0EBE7DFBF6C3870F871385D385938653C7FDEA0100604272257EA1190606067A7B7BDF7FFFFDA347DFFCDBE59F0C5DF1CBABEDDD57DBF3FFFE72F871C7F09FFD1DD153DDC31B748C3CEE18DD265AD99F5D1F0E180EFBD2D617F7ECD973ECD8B170A270BA7052B902004092C995F8DDB87123BA7DE5FCF9F3274F9EFCC94B4B3FFF4F1FDF7D74C38581533DD7DFBD30F06E4F58AE9FCAFE3B70EAC2F5E8F1A9ECBFD74F0D3F3BF0EE85DC96D95DA28DB3CBBBB9E5D4EE631BC201D7BDB874DBB66D070F1E0CA708278A6E5C09A78EFBD50300C084E44A227CF0C107D7AE5D4BA7D367CF9E3D7AF4E8779FF8DCFD0FDF792EF34E7AE8CC4D2EE120E150E1802FBDF4D29E3D7BC2C1C329C289C2E94CAD000090707225110A27583A3B3B0F1D3AB4F487FFF99B8FDF55AA58DE9B51AB84838443353535EDD8B1231C361CDCD40A0000E542AE244534C1D2DBDBDBD5D5D5DEDEDE72707BC88CFB1FBEB3E5ED676733AF327826EC18760F07F9D92BCFBEFAEAABFBF7EF0F870D070FA730B502004059902B49114DB05CBD7AF5D2A54B67CE9C397EFCF8BE7DFB963FF1B9CFFFD3C76B1BEF9B69AE845DC28E61F7175E7861DBB66DE150E180E1B0E1E0E114A6560000280B7225413EF8E083EBD7AFF7F7F7F7F4F4BCF7DE7BC78E1D0B99F1E4D66FFCDD8ADFFBEB876EFFE1B38B4F9CDB3779A5840DC26661E3B0CB132F7DA3A9A9E9D5575F0D0709870A070C870D070FA730B502004059902B0972E3C68DE84B8D2F5FBE7CE1C2851018C78F1FDFBF7FFF8E7FDD5EFBECE2BF5DFEC93F5F7ADBFF58F91F7FF0F47FDFBCA7E648EA955F5E690F4B7810FE0C2BC3536183B059D878F30B9B5E7AE9A51D3B7684DDC341C2A1C201C361A32F2F36B502004059902BC952582C3D3D3D67CE9C696F6F3F74E8D09E3D7BB66DDBB671FBF7573CF9E74BBEF71FFEF29BBFF55FBFFAB13FF9CAAF87253C087F8695E1A9B0C1E6CD9B43A8848DC32E61C7B07B38483894560100A0ECC895C4C9174B7F7FFFA54B97BABABA3A3B3B8F1E3D7AF0E0C15020DBB76F7FE59557B66EDD1A9AE4C5175FFC594E7810FE0C2BC3536183B059D838EC12760CBB8783844369150000CA8E5C49A2A858AE5FBF7EF5EAD5DEDEDEF3E7CF9F3D7BF6E4C993C78E1D3B7CF8F08103075E7BEDB59696963D05C29F6165782A6C10360B1B875DC28E61F77090E87E15AD02004079912B091515CBE0E0E0B56BD7AE5CB9924EA7437BBCFFFEFBA954AAB3B3F3C48913ED396FE7448FC3CAF054D8206C16360EBB841DC3EEE1205A050080722457126D5CB4F4F6F65EBC78F1C2850BE7CE9DEB2E125686A7C2066133A102004005902B65201F2D030303994CA6BFBF3FD4C8E5226165782A6C1036132A00005400B95236A26809868686064B79F1C517A39FAB172A00005406B95239EAEBEB53A954DCA30000805B46AE548EE6E6E6D6D6D6B847010000B78C5CA91C478F1EDDB46953DCA30000805B46AEDC8C8EA6A68EB16B7AF6AE19BF6ADECE75E1C285D5AB57CFC9C90100200E72E5A6846258B3B727FCBBAC94F0547EABA6A6FC36631E0F6F5274CCD99DABBABA3A93C9CCF5AB060080F921576E52CFDEA6C2B62835BB92EB8C8EE1270A63A474984C942BD33997BBED0100A82472A55076EA6236D7724D30E5111D2A3F2B3271AE4C3465526A0266D2736DDFBEBDA5A5E5E6DE040000480AB9526846B932DC0D636BA278C6A3A329B7CD049591CF95D1C394FA639AE7FAB0BDBDBDB1B171DAAF170000124DAE8C6A1A3FA1D131BA66A28AE968CA5DE735E1C448F4DC34665726CF95699D2B6C924EA76B6B6BE7EA0D020080F925570A15CEAE0CCF8A7C38FA57A962C926444FF4FCD8A7879FE8D89B2D8C825C99F0BC535F0C36D5B922EEB60700A062C8954205B9129A60CDB8FBDA4BF54A41424C9419E3BFD1ABF08BC1A67B31D874CF153434349C3C79F2D6BE2F0000100BB95268F25C29F57D5DD398F1E8299A5D19792EBF6EC6B932C9EC8ABBED0100A81872A5D0A4178395FC76E16C29EC0DF9D034FDD9957086EC1F6BD6AC29DC649A17834D71AE0FDD6D0F004005912B638CFD06AEA96FB5CF6D9F7D6A46B32B2347CEAF98D6ECCA74CE155CBE7CB9A6A666B66F00000024885CB935461362A471C67DFF57C13783E54325B769D1A4CDC43F1339F5B922215742B4DC9A17060000F1912B15A8B1B1B1BDBD3DEE510000C0CD922B1568674EDCA30000809B25572A90BBED0100A80C72A502653299EAEAEAB847010000374BAE54A6DADADA743A1DF7280000E0A6C895CAE46E7B00002A805CA94C2D2D2DDBB76F8F7B1400007053E44A653A79F264434343DCA30000809B22572A93BBED0100A80072A562B9DB1E00807227572AD6A64D9B8E1E3D1AF728000060F6E44AC56A6D6D6D6E6E8E7B140000307B72A562A552A9FAFAFAB847010000B327572A96BBED0100287772A592AD5EBDFAC2850B718F0200006649AE54B22D5BB6B4B5B5C53D0A00009825B952C9DC6D0F004059932B95ECECD9B34F3CF144DCA300008059922B956C7070B0AAAA2AEE510000C02CC9950A575757D7DDDD1DF72800006036E44A8573B73D0000E54BAE543877DB030050BEE44A85EBEEEEAEABAB8B7B140000301B72A5C20D0E0E565757877FE31E080000CC985CA97CEEB60700A04CC995CAB775EBD6D75F7F3DEE510000C08CC9950A974EA79F7BEEB9DADADABABABA1FFCE0078D8D8D718F080000A64BAE54B2871F7E78598175EBD6B9ED1E00803222572AD9FEFDFB57AC5891CF958D1B37EEDCB933EE410100C074C9950AF7E31FFF389F2B4F3EF9642A958A7B440000305D72A5C25DBE7CF9FBDFFF7E68959A9A9AEAEAEAB8870300003320572ADFFEFDFB972F5F5E5B5BBB69D3A6B8C70200003320571684C71E7B6CC58A156D6D6D710F0400006640AE2C08972F5F5EBE7C79F837EE810000C00CC815000020A1E40A00009050720500004828B902000024945C010000124AAE00000009255792EBC68D0F5F7EF3CC77B61C5A54B3352CBFB6645DC2973B576E09E3FC7263EB33FB3BFB0786E27EFF0000287B7225892E5E19F8C6A6831F7DA03EF602B999E50B4FEDEA3CD717F77B09004019932B89D3B0BFF3B6A50DD127FE3B566C7EB0E9D0B6A3BF0CCBA5BEA1AB990F93BC44E35CB5EDADFC5CD047BEF4E477B61CBA7123EEF7140080F2245712247CACFF72636BF441FFAE1FBED2763A1D7B81CC7A69EFEABB67ED8EE8B5DCFDE3572F5E1988FBDD0500A0FCC89504895AE5235F7AF2F1ED6FC7DE1BB76ABE25BAA46D51CD56732C0000CC945C498A86FD9D51AB848FF8B167C62D5CDA4EA7A36BDBBEB1E960DCEF3100006546AE24C2FB97FAA3CFF4EB769F883D306EF9B2BBE35CC8B0F0EA0E9FEE89FB9D0600A09CC89544882E03BBFB47AFC69E1673B43CD87428BA242CEE771A0080722257E2D73F30144D3E94F5BDF5932F97FA86A2E9A323EF9960010060BAE44AFC361F4E45330FB147C59C2EF73DDD125EE6433F3B14F7FB0D0040D9902BF15BD290FD1CBF626B5BEC4531A7CB8B47CE8497F9FB559BE37EBF0100281B72257ED18F2A56D81782152FDDE981F0326F5BDA10F7FB0D0040D9902BF1FBC4B73686CFF1ED5D7DB117C55C2FD12D3A71BFDF0000940DB912BFE8A7DF2FF50D4DFB73FFFE95D5FBC7AEE9DAB0B866CF9C34C6AD3C975C01006046E44AFCA25C99D1E7FECE8D4BEEDBD815FE5D544A786AA42B96ACACCE6F33E6F186774B1F73B6E79AD612BDD2B8DF6F0000CA865C89DF2C72259B22D5CF774E3EE3F1EEF3F72D7E7ECFC6252B5B86D36524510A1F4F9D2BD33A975C0100600EC895F8CD2A574682A4D48C47AE4F46674526CE95F0A0E49449CEE2C24499E25C72050080B92057E237C35C196E8CB13321C5331EFB57E6B699E022AE7CAE8C4EB38C995DC9CDCC744EF75C72050080392157E2379BD995969AFB36EE9F706E24770DD8A2915C99747665F25C99D6B93AA73D6CB90200C08CC895F8CD3657B269B1A77ADCE558FB57E6FA61CFC66CB114E4CA6413355374C854E732BB0200C01C912BF1BBC95C992833C67FA3D7E29A95A37132D3D99529CE25570000980B72257E7331BB7275FCADF61FE636CE574A74F3C98C73C5EC0A0000F349AEC46FB6B9F2FCCA45352BA73FBBB2A8664FF6DBBD96DCB7B8F08759A67931D814E7922B0000CC05B912BFD9FD4C64363F6638BB127D5D58B4E348AE4C3DBB329D73C9150000E6825C89DFEC7F77A530215A6AA2098F7C7214FDEE4A3E5472D152541A13FF4CE4D4E7922B0000CC05B912BF9BC995F25AE40A0000332257E227570000A024B912BFDB9636840FF1ED5D7DB1E7C45C2FD12B8DFBFD0600A06CC895F8DDB9724BF810BFBBE35CEC3931D74B78991F7DA03EEEF71B0080B22157E2F717EB7684CFF1EB769F883D27E6743970AA27BCCCDB1F7A2EEEF71B0080B22157E2F7A39D6F87CFF1F7ACDD117B51CCE9F260D3A1F0329734B4C4FD7E03005036E44AFC4E9DEF0B9FE33FF2A52753E7FB638F8AB95BEE58B139BCCC97DF3A13F7FB0D0040D9902B8970F78F5F0D1FE5FF61636BEC513147CB4FF775861778DBD286AB034371BFD90000940DB99208874FF744132C074EF5C49E16B77CE94E0F44DF09F6A39D6FC7FD4E0300504EE44A527CE15F76850FF49FF8D6C60ABB24EC52DFD0A29AADE1A5DDB972CB8D1B71BFCB00009415B99214FD0343D1371ADFFED0736DA7D3B167C62D59BAD30351ABDCB6B4E1D4F9BEB8DF630000CA8C5C4990CE737D77546D8E7E9CE4F1ED6FC71E1B37B93CF77A2ABA062CBC9CC3EFF5C4FDEE0200507EE44AB2F45F1BBA27F7332CD134CB834D87CAEE6E96F6AEBE55DBDE8ABE072C2C21C0CCAB0000303B7225716EDCF870EB9B6742AB441FF7A3259AA648F8523CE6477EF196FB5500009835B99250E153FEE623A9250D2D65112A85CB471FA8FFE253BB9ED9DFE93B8B0100B849720500004828B902000024945C010000124AAE00000009255700008084922B00004042C915866DDDBA75707030EE510000C028B9C2B0FAFAFA542A15F728000060945C61D8CE9CB847010000A3E40AC352A9547D7D7DDCA300008051728561838383555555718F02000046C91546D5D5D5757777C73D0A000018265718D5DCDCDCDADA1AF728000060985C61547B7B7B636363DCA300008061728551994CA6BABA3AEE510000C030B9C218B5B5B5E9743AEE51000040965C618C2D5BB6B4B5B5C53D0A0000C8922B8C115A25144BDCA30000802CB9C218E974BAB6B636EE51000040965C61BCEAEAEA4C2613F728000040AE50A4B1B1B1BDBD3DEE510000805CB9793D7BD72C5BB3B767F8AF8EA66579C36BC3AADCA3EC86E335758C1E65F42025CF31BA4F5353D1718AF7CDEE923FFAF867724F8C9E328CB060D3D6D6D6E6E6E659BE1B000070EBC895D92B911F6BF6EE1DF9E43F120539637BA0C4DAFCC38EF129321A22F9238E6C3CBE3B8AF62DDD4653E54A7777775D5DDD2D7EB3000060E6E44AA189672426D0D194AF89E18FFCC3FF4D9402E3F62E9536130EA730574ACEAE148CA6E4C1C2DE05BB36ED2D1EE3C883AAAAAAC1C1C119BC1100003007E44AA119E7CA48058CAF93E28C2965346D46663B968D999019B7E394B32B45232B5D2F85E78B5A67CD9A68D0F9A99CFAFAFA542A35A3370200006E39B932AA69EC5CC5D8598CE2E428752B4AEEBE92A68EDC8EC37B4C992BA3C7193E6DB4223BF9317AE28EC2C1ED9DF8DE9589AF071B1D44C98BC1C6BEC49D39B7E03D0500809B20570A15CE6F643FC28FBD837E5AF32E8517788DDC5032E5C56063CB65EC9CC8E899A733BB5230AD5338BB32E66AB3E13E2A7531D888542A555F5F3F8D970B00007348AE142AC895822BA3C63F356ADC5C4676873109326EC578234F8D3FD7C4A39BE0EAB009475434BB32FCFCA4B7DA07838383555555538E080000E6945C293479AE1427C5988FF9E3EB64788F195C0C963D63716F144D9194BE0AADA3601045231E3FBB3261AE64F78FB6AAABABEBEEEE9ED1DB070000B7965C2934E9C56025264026C89591DF4519993A99C6C560259E2B3ADF70A694F866E331879CE9BD2BE14C6BD6145EC1166DD5DCDCDCDADA3AC1E80000603EC89531C616C1E4B7DA7F38D5C560F96DA6912B45293236577A0A6FBB2F5C5B9C2B339A5D199DD2197B574CD0DEDEDED8D8587AE00000302FE4CACD98F462B052DBE457154450AE1AA2B0287999D7B2E29B68A6DC6878C3D2BF753FB2EDD83BFDC767592693A9AEAE9EFD7B030000374DAE30A1DADADA743A1DF728000058B8E40A13DAB2654B5B5B5BDCA3000060E1922B4C28B44A2896B8470100C0C2255798503A9DAEADAD8D7B1400002C5C7285C9545757673299B8470100C0022557984C6363637B7B7BDCA300006081922B4CA6B5B5B5B9B939EE510000B040C91526D3DDDD5D575717F728000058A0E40A53A8AAAA1A1C1C8C7B1400002C44728529D4D7D7A752A9B8470100C042245798C2CE9CB8470100C042245798422A95AAAFAF8F7B1400002C447285290C0E0E565555C53D0A00001622B9C2D4EAEAEABABBBBE31E0500000B8E5C616ACDCDCDADADAD718F0200800547AE30B5F6F6F6C6C6C6B8470100C0822357985A2693A9AEAE8E7B1400002C38728569A9ADAD4DA7D3718F0200808545AE302D5BB66C696B6B8B7B1400002C2C72856909AD128A25EE510000B0B0C815A6259D4ED7D6D6C63D0A00001616B9C274555757673299B8470100C002225798AEC6C6C6F6F6F6B8470100C002225798AED6D6D6E6E6E6B8470100C002225798AEEEEEEEBABABAB8470100C00222579881AAAAAAC1C1C1B8470100C04221579881FAFAFA542A15F72800005828E40A33B03327EE510000B050C8156620954AD5D7D7C73D0A0000160AB9C20C0C0E0E565555C53D0A0000160AB9C2CCD4D5D5757777C73D0A00001604B9C2CC343737B7B6B6C63D0A00001604B9C2CCB4B7B7373636C63D0A00001604B9C2CC643299EAEAEAB8470100C082205798B1471F7DB4B9B9F9B1C71E33CD0200C09C922B4C572693D9B56B57A8946539D539710F0A00804A265798AE55AB562D2BB06EDDBABABABAB80705004025932B4C576767677575753E57D6AF5FEF62300000E6945C6106F6EEDDBB72E5CA7CAE343737C73D2200002A995C6166366FDEBC7CF9F2902B7575757E8005008039255798B1B56BD7865C79E49147DADBDBE31E0B0000954CAE3063994CA6A6A666C58A15DDDDDD718F0500804A2657988D743ABD7CF9F2D02D710F0400804A265700008084922B00004042C915000020A1E40A00009050720500004828B902000024945C59406EDCF8F0E537CF7C67CBA145355BC3F26B4BD6257CB973E59630CE2F37B63EB3BFB37F6028EEF70F0080F9265716848B5706BEB1E9E0471FA88FBD406E66F9C253BB3ACFF5C5FD5E0200307FE44AE56BD8DF79DBD286E813FF1D2B363FD87468DBD15F86E552DFD0D5CC87495EA271AEDAF6567E2EE8235F7AF23B5B0EDDB811F77B0A00C0BC902B952C7CACFF72636BF441FFAE1FBED2763A1D7B81CC7A69EFEABB67ED8EE8B5DCFDE3572F5E1988FBDD050060CEC9954A16B5CA47BEF4E4E3DBDF8EBD376ED57C4B7449DBA29AADE65800002A9E5CA9580DFB3BA356091FF163CF8C5BB8B49D4E47D7B67D63D3C1B8DF630000E6965CA94CEF5FEA8F3ED3AFDB7D22F6C0B8E5CBEE8E7321C3C2AB3B7CBA27EE771A00803924572A537419D8DD3F7A35F6B498A3E5C1A643D1256171BFD30000CC21B95281FA0786A2C987B2BEB77EF2E552DF50347D74E43D132C0000154BAE54A0CD8753D1CC43EC5131A7CB7D4FB78497F9D0CF0EC5FD7E03003057E44A055AD290FD1CBF626B5BEC4531A7CB8B47CE8497F9FB559BE37EBF0100982B72A502453FAA58615F0856BC74A707C2CBBC6D6943DCEF3700007345AE54A04F7C6B63F81CDFDED5177B51CCF512DDA213F7FB0D00C05C912B1528FAE9F74B7D43B1E7845C0100E066C8950A14E5CA984FF6EF3E7FDFA2251BDE1DFE734FF5A2BCFB36766557B6D42C5AFC7C67E6C3CE8D4B168D57B367F8385D1B168F1EA46809CF8EEEB3B2BAA6E838C5FB667759D952EA6861C0D5FBAFE6C6333AC2DC9AC2257AA571BFDF0000CC15B952810A73A5447E2C7E7E43F570248467476BA1540F5CCDEC5F99CF95FC062DE35364B8280A3223BFF1C8294652A768DF7186C723570000902B1569DCECCA9EEAFCB4C6707BEC89722524416E46654C934C982BA1374A6D939DB729585F982B2567575A6A46DBA66889DAA660F2A7664371AE14748B5C0100A86C72A502155D0C1695C6E8A55C51AE1467CC24B9523049B268CC84CCB81DA79C5D29EA93D2F55230BB323C81B37849F6802317ADC91500808540AE54A0825C19733F497ECA6265365742872C1A99A6983257468F335C17D94995B0FBF3D1FA28600A6645966CD838F1BD2B135F0F361A42252F061B1DB05C01005810E44A052A71ABFDD8654FC1BD2BB91898CEC56023132651A8144C710C874A1412D3995D29B81EAC707665CC8D34D1594A5E0C26570000160CB95281C6E64A6E1665EC14473E57B2CF66C3631AB932F62AAC09977CAE8CBD1D65CC3653CDAE0CCFD2B8D51E0060C1932B15A82857465324BA5F65345786EFB69FC1C560D96829EE8D7CC914DD7352E25AAF69CEAE4C982B5162C9150080CA27572AD0B47265E47751728530BD8BC14A5C545674F7FCF0455CA3EB6731BB52225742E144B7DA670ABFD04CAE00005438B95281667231D8944D52F054518A8CCD95AEC2DBEE27BF186C46B32BA3533ABEC818006081912B15680617834D9C2BA35FF3956D835C8A44731AC3D132DE98EF239E609BE2BB5F4A7E91719428D1FA31B7D9144DC2C8150080CA26572AD094DF0C56318B5C0100A86C72A502C91500002A835CA940B72D6D081FE2DBBBFA62CF89B95EA2571AF7FB0D00C05C912B15E8CE955BC287F8DD1DE762CF89B95EC2CBFCE803F571BFDF0000CC15B95281FE62DD8EF0397EDDEE13B1E7C49C2E074EF5849779FB43CFC5FD7E03003057E44A05FAD1CEB7C3E7F87BD6EE88BD28E67479B0E95078994B1A5AE27EBF0100982B72A5029D3ADF173EC77FE44B4FA6CEF7C71E1573B7DCB1627378992FBF7526EEF71B0080B922572AD3DD3F7E357C94FF878DADB147C51C2D3FDDD7195EE06D4B1BAE0E0CC5FD6603003057E44A653A7CBA279A603970AA27F6B4B8E54B777A20FA4EB01FED7C3BEE771A00803924572AD617FE6557F840FF896F6DACB04BC22EF50D2DAAD91A5EDA9D2BB7DCB811F7BB0C00C05C922B15AB7F6028FA46E3DB1F7AAEED743AF6CCB8254B777A206A95DB96369C3ADF17F77B0C00C0DC922B95ACF35CDF1D559BA31F27797CFBDBB1C7C64D2ECFBD9E8AAE010B2FE7F07B3D71BFBB0000CC39B952E1FAAF0DDD93FB1996689AE5C1A6436577374B7B57DFAA6D6F45DF0316961060E65500001608B952F96EDCF870EB9B6742AB441FF7A3259AA648F8523CE6477EF196FB550000160EB9B250844FF99B8FA49634B49445A8142E1F7DA0FE8B4FED7A667FA7EF2C06005868E40A00009050720500004828B902000024945C010000124AAE000000092557CA4ECFDE354D1DA37F76342D2BFC33DA60CDDE097F44313CBB2CAFA9A969D978C5FB667719778E7163193D65F170000060B6E44A39CA37C1B87419FB64C7F814190D91FC7E231B8FEF8EA27DC7193EEB54B9B275EBD6C1C1C1397C270000A86872254613CF5A4C64E28A1849915201537CAAC25C2979A48EA6C92768C2DE05BB36ED2DCE95DC83C6C6C6F6F6F699BC4200001825576234AB5C992046A25A2898ED28D8301B1663779B72766582E39778227FBEA875D6E44E1C0E9BDBA1B5B5B5B9B97926AF10000046C995D8348D9DCF183BD33141C54C912BA3F7A50C1F325A919DFC183D6847E189F74E7CEFCAC43339A34328793158C116172E5C58BD7AF52D7BCB00005860E44A8C0AE740B21FF34767308AE74346D74F7E31D848D244A132764E64F4A8D3995D29B81EAC707665CCD566C37D54EA62B011B5B5B5E9747AB66F1100000B9A5C895141AE8C5C3D55E2A942535D0C56749C89CF3CC1D56163CE35E9ECCAF0F3537D33D8962D5BDADADAA61C11000014932B319A3C5726CF8E921B147C497178B2B8378AA648C67CABF1B86BBDA639BB3261AE64F70FFF855609C5329BB7070080054FAEC468D28BC126BCE3BDF0BEFAD1898E49E2A6C4B77C0D674A896F362EDC6DC6F7AE8433AD59337ABD592E5732994C7575F50CDE150000182157E234B61AA6B8D57EA449C6CFAB8CDEAB325A31E36E6629DCBEA7F0B6FBC2B5C5B932A3D995D1299DB177C504757575DDDDDD337D73000040AE949FF157708D99235936365A26BC1CACD4814A6E34BCE144579E45EB0BDA6434BAF255D3DCDCDCDADA7ACBDF0700002A9E5C61CEA552A9FAFAFAB847010040F9912BCCB9C1C1C1EAEAEAF06FDC030100A0CCC815E6437D7D7D2A958A7B1400009419B9C27C686D6D6D6E6E8E7B1400009419B9C27CE8EEEEAEABAB8B7B1400009419B9C23CA9AEAECE6432718F02008072225798275BB66C696B6B8B7B1400009413B9C23C09AD128A25EE510000504EE40AF3249D4ED7D6D6C63D0A0000CA895C61FEAC5EBDFAC2850B718F020080B22157983FCDCDCDADADAD718F020080B22157983FEDEDED8D8D8D718F020080B22157983F838383D5D5D5E1DFB80702004079902BCCABFAFAFA542A15F7280000280F728579B53327EE510000501EE40AF3EAECD9B34F3CF144DCA30000A03CC815E65B7575752693897B1400009401B9C27C6B6C6C6C6F6F8F7B1400009401B9C27C7BFDF5D7B76EDD1AF728000028037285F9964EA71F7DF4D15DBB763DF6D8637E8605008049C815E64F2693892A65594E754EDC83020020B9E40AF367D5AA55CB0AAC5BB7AEAEAE2EEE410100905C7285F9D3D9D9595D5D9DCF95F5EBD7BB180C008049C815E6D5DEBD7B57AE5C19E5CAD34F3FDDDCDC1CF7880000482EB9C27CDBBC79F3F2E5CB43AEFCE4273F696D6D8D7B38000024975C21066BD7AE0DB9F2E8A38FFA011600002621578841269359B56A55555555777777DC63010020B9E40AF1E8E9E959B16245E896B80702004072C915000020A1E40A00009050720500004828B902000024945C010000124AAE00000009255798991B373E7CF9CD33DFD9726851CDD6B0FCDA9275095FEE5CB9258CF3CB8DADCFECEFEC1F188AFBFD03006006E40AD375F1CAC037361DFCE803F5B117C8CD2C5F786A57E7B9BEB8DF4B0000A645AE302D0DFB3B6F5BDA107DE2BF63C5E6079B0E6D3BFACBB05CEA1BBA9AF930C94B34CE55DBDECACF057DE44B4F7E67CBA11B37E27E4F0100988A5C610AE163FD971B5BA30FFA77FDF095B6D3E9D80B64D64B7B57DF3D6B7744AFE5EE1FBF7AF1CA40DCEF2E000093912B4C216A958F7CE9C9C7B7BF1D7B6FDCAAF996E892B645355BCDB1000024995C61320DFB3BA356091FF163CF8C5BB8B49D4E47D7B67D63D3C1B8DF63000026245798D0FB97FAA3CFF4EB769F883D306EF9B2BBE35CC8B0F0EA0E9FEE89FB9D0600A034B9C284A2CBC0EEFED1ABB1A7C51C2D0F361D8A2E098BFB9D0600A034B94269FD0343D1E44359DF5B3FF972A96F289A3E3AF29E0916008024922B94B6F9702A9A79883D2AE674B9EFE996F0321FFAD9A1B8DF6F00004A902B94B6A421FB397EC5D6B6D88B624E97178F9C092FF3F7AB36C7FD7E030050825CA1B4E847152BEC0BC18A97EEF4407899B72D6D88FBFD0600A004B942699FF8D6C6F039BEBDAB2FF6A298EB25BA4527EEF71B008012E40AA5453FFD7EA96F28F69C902B00000B965CA1B42857A6FAACDFB56171CD9ED13FF7AF5C54F867B4C1920DEF4EB2FBA2BC95D5358BC62BDE37BBCBCA9652477BF7F9FBAAF787079D1B97DCB7B12BBBA6A566516ECDE44BF44AE37EBF01002841AE50DAF472A53051C6A5CB876382A1657C8A0C17454166E4370EBD910B9291D429DA779CE17A912B00001547AE50DAD4B93271458CA448A98089BAA27012A630574ACEAEB4D48CB64DD112B5CD9EEAFC2E351B8A7365D26E912B0000892557286D5AB952AA01F2931B05932405976F659B646CC34C39BB32C1F127B9186CB89A162FC91E301C76F1F39D66570000CA905CA1B49BCE95D1FB5286EB223BA9B26851F5F3D1FA28600A6645966CD838F1BD2B13CFE48C8650C98BC1B2679CE27A30B9020090587285D26EC5C56023491385CAD8298E6CA84421319DD99582EBC10A675746B6CC5F6336C1C560720500A03CC9154ABBF98BC1A6BC0A6BFCC560054718FFDD5F53CDAE0CCFD2B8D51E00A0B2C8154A9BF637834D749349C19714876829EE8D7CC914DD7352E25AAF69CEAE4C982BFB574E1C4E72050020B1E40AA54D952B51A2E44365F47EFA3DD58B26F922AF3DD54561337C11D7E8FA59CCAE94C8955038D1ADF6D153720500A00CC9154A9B3C57469A64FCBC4A581FFA213B4F12E541518A8CCD95AEC2DBEE27BF186C46B32BA3533ABEC81800A09CC9154A9BE6C560E3AFE01A9DC4C8A5C8986899F88EFC89B729BEFBA5E4171947C388D647C9347C0D58F1248C5C0100281F7285D26672EF4A792F72050020B1E40AA5C915000062275728EDB6A50DE1437C7B575FEC3931D74BF44AE37EBF01002841AE50DA9D2BB7840FF1BB3BCEC59E1373BD8497F9D107EAE37EBF01002841AE50DA5FACDB113EC7AFDB7D22F69C98D3E5C0A99EF0326F7FE8B9B8DF6F00004A902B94F6A39D6F87CFF1F7ACDD117B51CCE9F260D3A1F0329734B4C4FD7E030050825CA1B453E7FBC2E7F88F7CE9C9D4F9FED8A362EE963B566C0E2FF3E5B7CEC4FD7E030050825C614277FFF8D5F051FE1F36B6C61E1573B4FC745F677881B72D6DB83A3014F79B0D0040097285091D3EDD134DB01C38D5137B5ADCF2A53B3D107D27D88F76BE1DF73B0D0040697285C97CE15F76850FF49FF8D6C60ABB24EC52DFD0A29AADE1A5DDB972CB8D1B71BFCB00004C40AE3099FE81A1E81B8D6F7FE8B9B6D3E9D833E3962CDDE981A8556E5BDA70EA7C5FDCEF31000013922B4CA1F35CDF1D559BA31F27797CFBDBB1C7C64D2ECFBD9E8AAE010B2FE7F07B3D71BFBB00004C46AE30B5FE6B43F7E47E86259A6679B0E950D9DDCDD2DED5B76ADB5BD1F7808525049879150080E4932B4CCB8D1B1F6E7DF34C6895E8E37EB444D314095F8AC7FCC82FDE72BF0A004059902BCC40F894BFF9486A49434B59844AE1F2D107EABFF8D4AE67F677FACE62008032225700008084922B00004042C915000020A1E40A00009050720500004828B9427918CC897B140000CC2BB94219D8BE7D7B5555D5C99327E31E080000F34AAE500642AE2C5BB66CCB962D710F040080792557280367CF9E0DB9525D5DED7A3000800545AE90301D4DCBD6ECED295ABD7AF5EA502C478F1E8D61480000C444AE9030E37225FCB96C5953C7873B77EE0C0F366DDA14E3D000009867728569EAD9BB269B0D736E3457B2675CB6A6A92977DE0B172E845CA9AAAA723D1800C0C2215798A6F9CF95F1E7753D1800C04223579896EC255991E196E8185D3361C58C6E331220B916D9DB3476E5B8A32D9B28575C0F0600B0D0C815A6A97076255B17A34D91FDABB8580A6749F2FB8EDC8932BC2EDA60CCFE630F3DE6BCF9EBC13299CC5CBC4200009246AE304D05B932F1F55AA3C6CE978C4C998C6B98A275531DFC89279E08876A6B6B9B8317080040E2C815A669F25C29FAEEE1D2DF477CB3B9D2D2D21272A5A1A1E196BC240000124EAE304D935E0C56BA4C0A2FF18A1E96CA95315B46DF063661AEA4D369D78301002C1C7285E9CA95C44C6EB51FDEA1708B92B932F69EFCBD63BFC878D9F8D3B81E0C0060E1902B9419D78301002C1C72853273F9F2E568B2253C887B2C0000CC2DB942F9A9AFAF0FB9F2FAEBAFC73D100000E6965CA1FC845009B912A225EE81000030B7E40AE5C7F56000000B845CA12CB91E0C006021902B94A5E87AB0279E7822EE8100003087E40A652993C9545555856249A7D3718F050080B9225728570D0D0D21575A5A5AE21E0800007345AE50AEDADADA5C0F060050D9E40AE5CAF5600000154FAE50C65C0F060050D9E40A65ECE8D1A3215756AF5E1DF74000009813728532363838185D0F76E1C285B8C70200C0AD2757286F9B366D0AB9B273E7CEB8070200C0AD2757286FAE070300A8607285F2E67A3000800A2657287BD1F560DBB76F8F7B200000DC627285B277F2E4C9902BB5B5B5710F0400805B4CAE50F6060707ABABAB43B19C3D7B36EEB10000702BC9152AC1962D5B5C0F06005079E40A95C0F56000001549AE50095C0F06005091E40A1562EBD6AD21577EF6B39FEDDAB5EBB1C71E6B6C6C8C7B440000DC2CB94225C86432D1ED2B91EA9CB8070500C0CD922B548255AB562D2BB06EDDBABABABAB8070500C0CD922B5482CECECEE8DE95C8FAF5EB5D0C06005001E40A1562EFDEBDDFFBDEF7A25C79FAE9A79B9B9BE31E110000374BAE5039366FDE1CE5CADAB56B5B5B5BE31E0E0000374BAE50516A6A6A42AEAC5AB5AABDBD3DEEB1000070B3E40A15E5D4A9532157BEFBDDEF767777C73D1600006E965CA1D21C3870E0D1471FCD6432710F0400809B255700008084922B00004042C915000020A1E40A0BC28D09C43D2E0000262357A84C518D7C9033343434383878BD4858199E8AB6512F0000092457A834F9500935D2DFDB77EAE0E1A3BFD8B9EB27EB77AE7D2A5AC29FEFEC3B90EEB9D8DFDF9FC964AE5DBB16A58B680100481AB942E5C8874AA894D77EBAF189CFDFFBB5DFFC9DAFFCFAFF5A72094FADFDD3BF0A1973AEABEBF2E5CB215D42B78816008044912B548828544272EC5CFBD483B77FAA304B1EFE4FFFA5F68F3ED770EFFD61090FC29F851913366EFEE19A9EF3178AA325EED70400B0D0C9152A41D42A5DC73BBEF7E9CF4411F2F5DFFADDA7BEB8F8CD9F3E93397972E8CC99714B587964FD86B041BE5B567CEA0F8FEF79EDE2C58B215A3299CCF5EBD7150B0040ECE40A652F6A95375E6A8EDAE3818FFDBBC6BFFFC774DB1BC59552BC84CD1AEEBD3FEC12CDC3EC7AE6D9F3E7CFF7F6F6F6F7F72B160080D8C915CA5BBE55A2E4F8DEA73FD3B5BB653AA152B89CDDB97BC5A7FE304A9D1DEB9FE9EEEE4EA7D38A0500207672853216B5CAD15FEC8C5A65ED9FFE55C94BBFA6B3841D57DFFD1751B1EC7AE659C50200900472857295BF5FE59B1FFF64C88CDA3FFADCF5D3A767D72AD112767FE4AECF46F7BD1CD9B547B10000C44EAE50AE423F643299E822AE6577FCC195E3C74B46C8F9FD0777AE7C64ED9FFED5E3777D365A1AEEBDFFC0EABA921B87832CFBE4A7A3039EE8E83877EE5C6F6F6F38CBE0E0A05C0100987F7285B2144DAD6C7BE4F190165FFD8DDF2E79BF4A688F502613FDEECA373FFEC99031C57B85438503860D7EFAEDE5A954EAFCF9F3972F5FBE76ED9A09160080F92757284BD16F41469781BDF8B57F2EAE8E33DB7746CF4EBEACFDD3BF2A9E9669FAF2D7A34BC2DE3A72241CE9E2C58BFDFDFDD18FB1C4FDBA01001616B942F989A65676FD647D14157D6F1E1D3875AA7049FDBC793AAD122D3FF8F467C6ED1E0E187D27F2F3DF5FD5D9D9D9DDDDDDDBDB6B82050060FEC915CA4F6886C1C1C1DA3FFA5C288A867BEFBF72FCF8B8E507233F1639CDE5C5AFFDF398231C3BFED4171767BF16F9FFF8A363C78E154EB0C8150080F92457283FD19560D19717BFD9B0217DE850FAD0EBB97F0FA55F7F7DDB832B66D42AD192FA7973D877F838AF1F7AF3A7CF445F6A7C68FF81CECECE73E7CE5DBE7C39FA8AB0B85F3D00C0022257283FA119DED97720FA1DFAF3BB778F5B1EBCFD53B3C895867BEF1F779CE886FB97D6379CE8E8E8EAEACA5F0F16F7AB07005840E40AE567686868DFB39B434B3CFC9FFECBFBCDAF6497579AA3E5C0EABA59B44A5842E49C7DF9E5EC41460EF8BDDC15658D35B585D7838553C7FDEA01001610B94299896E5CD9B9F6A9E87BBDDE7DE185C2E5C5AFFDF3EC72252CE30E15DD1BF3D36F2F7FF3CD3753A994DB570000E69F5CA1CC845AB87EFDFA8E354F869678E2F3F7BEB36143E1D2F0DFFE66D6B9F25A754DE1A1420B45B972E4C891CECECEF3E7CF47BF702F570000E68D5CA1CC8CCB95F6F5EB0B979BCC95C2438DCB95FCDDF672050060DEC815CA4C61AEACBEFB2FC6CDAE44BFF038BB65DCA1F21783C9150080B8C815CA4C942BF95BEDC7DD707233B7DA8F3BD48A4FFDE15772BF1429570000E22257283351AE1CDFF3DA57725F649CFD3AAFE8BBBC4696597E91F17FFB9BE1AF17CB7D2D58386CFE8B8CE50A00405CE40A6526CA9574CFC5E867220FACAE1BF77B29B3FB99C8775F78A1F020D12C4D38C5CE1D3BDC6A0F001017B9429989BEC83894C323777D3614C5535F5C9C7E3DFB3BF4FFB3E0DFEADC755CD35F9ABEFCF5DCEFD9E77ED23EF7E089CFDF1BD67FEFD39F79EDB5D77C913100405CE40AE5676868289443F30FD784A2F8FA6FFDEE85D6FD578E1F2F5C3AB7BCF4CD8F7F729AADF2C3FFFCC7578E8DD93D1CF06BBFF93BE1A927BFFEED902B7E261200202E7285F2F3C1071F5CBB76ED5C5757689510158D7FFF8F03A74E8D5B523F6F5EF6C94F4FD92AD9C999B637C6EDDB70EFFD51086D6F6E3E78F0607B7B7B5757576F6F6F38693875DCAF1E006001912B949F2857FA7BFB9EFFFEAAD0155FFD8DDF3EB37DE7D09933E3962BC78F4FF2BDC621660EACAE2BDE2B1C2ABAC9BEEEFE7F7CEDB5D70AEFB3972B0000F34CAE507EF2B7AF9CFFD5AFA2AF1B5E76C71F5C3976BCB83DA268D9B9F291867BEF7FFCAECF464B689823EB3794DEF8D8F1684EE6C1DB3FB573C78E83070F165E09E6C6150080792657283FA119A20996DEDEDEE3AD07A24BC21EB9EBB3D74F9F2E1921D35CC2EE0F7FE68FA3CBC05E5ADF10DD64DFD9D9D9DDDD9DBF124CAE0000CC27B942590AE570FDFAF5FEFEFE8B172FEE7B7673F4A5C6B57FF4B92BC74BCFB14CB9841DA3AF1A0B876AACA90DAD12DDB5929F5A09A773251800C03C932B94A5FC04CBE5CB97CF9F3FBFEB9967A36259F6C94F77ED6E9969AB845DA21F978C5A65CF9E3DD16560A9542A1C3C7FD78AA91500807926572857D11D2C994CA6B7B7F7DCB973A158A2ABC2BEFA1BBFFDD417174F742BCBB8A5EFCDA361E3E8DEFAB07B61AB4477D887838753B86B05002016728572154DB0449784A5D3E9EEEEEE23BBF62CBBE30FA22FFEFADA6FFECE139FBFF7C8FA0D03A74E15574A58199E0A1B44BFAF124DCBBCB4BEA1B055C201C361F39781C9150080F927572863C5C572A2A3E3F9EFAF2AFC8DC810242B3EF5878FDCF5D9A7BEB8382CE141F8335F29D1A4CA935FFFF6CE1D3BA2AF2DD62A0000C92157286FE38AE5DCB973A74F9F7EEBC891C69ADA5026D1555E2597F0D4C39FF9E39F7E7BF9F6E6E6E8C6FA37DF7CB3BDBD3DEC1E0EA25500009240AE50F60A8BA5B7B7F7FCF9F367CE9CE9ECEC3C76ECD8EBADFBB73FF3EC0B8FAF0959925FC29F2FAD6F88A653C20651A844932A61C7B07B38885601004802B94225C8174B2693B97CF9F2C58B17CF9D3B1745CB898E8E90226FE61C2910AD094F850DA25009BB841DC3EEE1205A05002009E40A15222A96C1C1C16BD7AEF5F7F7E7A3A5ABAB2BA4C8E9D3A753A9546781F06758199E0A1B44A1124DAA84DDC341B40A004012C8152AC78D9C71D11222E4D2A54BA146CEE79CCB891E8795E1A9B041D86C5CA86815008024902B549AC268B97EFD7AD42D91CB05F22BC3066133A1020090407285CA948F96606868284A9771C2CAF054B48D5001004820B9C282706302718F0B0080C9C815000020A1E40A00009050720500004828B902000024945C010000124AAE00000009255700008084922B00004042C915000020A1E40A00009050720500004828B902000024945C010000124AAE00000009255700008084922B00004042C915000020A1E40A00009050720500004828B902000024945C010000124AAE00000009255700008084922B00004042C915000020A1E40A00009050720500004828B902000024945C010000124AAE00000009255700008084922B00004042C915000020A1E40A00009050720500004828B902000024945C010000124AAE00000009255700008084922B00004042C915000020A1E40A00009050720500004828B902000024945C010000124AAE00000009255700008084922B00004042C915000020A1E40A000090507205000048A8FF1FCB04507B2C7E2E990000000049454E44AE426082, '15', 'qingjia.png');
INSERT INTO `jbpm4_lob` VALUES ('20014', '0', 0x3C3F786D6C2076657273696F6E3D22312E302220656E636F64696E673D225554462D38223F3E0A0A3C70726F63657373206E616D653D2271696E676A69612220786D6C6E733D22687474703A2F2F6A62706D2E6F72672F342E342F6A70646C223E0D0A2020203C737461727420673D223138302C35342C34382C343822206E616D653D22737461727431223E0D0A2020202020203C7472616E736974696F6E20673D222D36392C2D323222206E616D653D22746F20E68F90E4BAA4E794B3E8AFB72220746F3D22E68F90E4BAA4E794B3E8AFB7222F3E0D0A2020203C2F73746172743E0D0A2020203C656E6420673D223139372C3431352C34382C343822206E616D653D22656E6431222F3E0D0A2020203C7461736B2061737369676E65653D22237B6170706C69636174696F6E2E6170706C6963616E742E6C6F67696E4E616D657D2220673D223230302C3132372C39322C353222206E616D653D22E68F90E4BAA4E794B3E8AFB7223E0D0A2020202020203C7472616E736974696F6E20673D222D39332C2D323222206E616D653D22746F20E983A8E997A8E7BB8FE79086E5AEA1E689B92220746F3D22E983A8E997A8E7BB8FE79086E5AEA1E689B9222F3E0D0A2020203C2F7461736B3E0D0A2020203C7461736B2061737369676E65653D226C732220673D223231302C3231312C39322C353222206E616D653D22E983A8E997A8E7BB8FE79086E5AEA1E689B9223E0D0A2020202020203C7472616E736974696F6E20673D222D38312C2D323222206E616D653D22746F20E680BBE7BB8FE79086E5AEA1E689B92220746F3D22E680BBE7BB8FE79086E5AEA1E689B9222F3E0D0A2020203C2F7461736B3E0D0A2020203C7461736B2063616E6469646174652D67726F7570733D2277772220673D223233312C3333332C39322C353222206E616D653D22E680BBE7BB8FE79086E5AEA1E689B9223E0A2020202020203C7472616E736974696F6E206E616D653D22746F20656E64312220746F3D22656E64312220673D222D35302C2D3232222F3E0A2020203C2F7461736B3E0D0A3C2F70726F636573733E, '20013', 'qingjia.jpdl.xml');
INSERT INTO `jbpm4_lob` VALUES ('20015', '0', 0x89504E470D0A1A0A0000000D494844520000024B000001CF0802000000CC160906000032E049444154789CEDDD7F701BE77DE7F1CEF4CFFCE74C667A6AA793CB4D67AEEEA575E6E632CE4C7BA74E72E366E6AEAE9BB64EDD6BE3D489A5BB3AB19D46767E583123D22665410D65D1222D53116543222591A262D1162593A64448222552A225CA04655202458AA1F943424988824830D27D81073F16C0820440000FB078BFE6190958EC3EFBECFEC1CF7C9FDD057EEB3E000056F45BBA0700004056907000006B22E10000D644C20100AC898403005813090700B026120E00604D241C00C09A4838008035917000006B22E10000D644C20100AC898403005813090700B026120E00604D241C00C09A4838008035917000006B22E10000D644C20100AC898403005813090700B026120E00604D241C00C09A4838008035917000006B22E10000D644C20100AC898403005813090700B026120E00604D241C00C09A4838008035917000006B22E10000D644C20100AC898403005813090700B026120E00604D241C00C09A4838008035917000006B22E10000D644C20100AC898403005813090700B026120E00604D241C00C09A4838008035917000006B22E10000D644C20100AC898403005813090700B026120E00604D241C00C09A4838008035917000006B22E19049F7EEDDFB4DC0D2D2922F01F948AD232BEB1E2F002B23E190192ADB24C0161616BC5EEFFCFCFCEDDBB73D7164A17C242BC86AB2323907207B4838AC5638DBEEDEBD2B0176A4ABEA95DD7FFF7F5FFDAF7FFFA3DFFFEB1F7CEEAF9EFBAC3479216F65A17CF4EE99AA9B376FCECECECACAB2093907204B4838A4CF986D739ED9AAC667BEBBE98FFF6EC39AFF57FEDF5E7BE79F9A3A6D175C477F7DDB294D5EC85B59281FC90AB29AACFCE9E484DBED26E7006409098734A9785B5C5CBC73E78EFD58C9D3A57FF2ED971FDCB67FDD95C933EEA5D1659AAC20ABC9CAB2C93BC74AA6A6A6A49E934EA42B420E4006917048878AB7858585F9F9F9B25FFEDD133FFE7C65C3D3CB075B7C934D6443D97C7C7CFCD6AD5BD2957448C801C814120E290BC7DBC48CEB85D7FFE7339B1F760CEC4F35DE54930D6573E9E41357FFCCCC8CC7E321E400640A0987D484E34DD24892E947DB1F99F47E925EBCA9269B4B27D2D5F5EBD7A7A7A70939009942C22135EADADBFCFC7CE9AEBF95F26B95F1160E39E94A3A9490934A4E3A57D7E4741F2B80C246C221055257F97CBE3B77EEEC697DE9891F7F3EEDC949D3E94AE9B0EEE84BA3A3A3B76EDD925DC88E28E300AC06098714485D75F7EE5DF7BFDFFC6EE99F247B6B892F851B4FA4DB01E7E5F1F1F1D9D959D911651C80D520E1902C55C0DDBE7DBBF2C0BA6FBFFC87330B576716AE4D2F5E953623FF2E5CF3BF5DF0BFF0BF5E544D3EBA1658E25F59369996B78B6A05FF86FEE58BA1858BD7A45BE97C7878786A6A4A7644190760354838242B58C0B9DDDFF9F97FD95AFFD4C41DE7AF0D4DDE4ECC07FE556FE703CBD592F9C1893B8313A1D522EBDF09AE137E2BDD4AE7FDFDFD636363B223CA3800AB41C22129E102EE40C76B7FBB614DEFC8FB23B37D81F691FC7B5DBD9EF3BF50AFAFCFF5055798FB48AD33E25FF2D1757F8BAC1C5EE17A60935ED77BD2797D7BF9D0D010651C805522E19014F584C0ECEC6CC95B8FAD7BE54B5766CE5CB9D9F5896A336754BB3223AFD592AE2BFE16587833F03AB066E0DF3381E581B7E14FD55BF9E8E619E9FCE5B71EBB7CF9F28D1B376477EAC901DD470FA0209170488AC48CD7EBBD79D37F8F89845CFFA71FF64F04DAA71F5E0AB5C0C276597869E2C3E00A9FB6F7ABE5EAC54460B5C00AFE4D422FFA239B7F28F126BB387FFEBCCBE592DDC94E493800E921E19094A5A5A5F9F9F9E9E9E9C75FFCBD9A233FE81D7BBF77ECBDC0BFFE765EBD180D2F947FDF3B1F58725E5EABE5A36A9DF056A1258685B2B2742EBB387BF6ECF0F0B0EC4E762ABBD67DF4000A120987A4A88B709393938F3DFFB943DDFF76E6DAA133AEE633D79ABB5C91E65FE23AD4E53AA45E9C092E3C242B0756501FA9B7AA05570BAF290BA573D9C5E9D3A7AF5CB922BB5397E2741F3D808244C2212912331E8F676262E2AF9EFB6CDBC09ECEE1FDD21C817F832F86D4DB0381B7071C4307A23F95E5FE256AA16328BCF981E05BFFFAFE15DA3FDE23BB70381C4EA75376273B25E100A4878443528C09F7C1E55F9EF8A4FEC427FB42AD3EEAED90FFEDC94FF69D1CDAA75E9C18DAE77FAB1606D70F7D3AB4CFD88FAC73FCF26ED94567672709076095483824259C708F3DFFB903A72BFCC934541F8CAB21955B125A2AEAEA43D956AF3E55AF83F1168AB493A1F00BAE13DC76DFFE5315B20B49B8818101120EC06A9070484A38E11E7FE1F7B637FF8B9A60740C87E71E83738C6A8AB273383245195EA133B29A5A21DCF61B5EEC97CE6517241C80D523E1909470C27D67D3177F5AF3BF8C3798748D44DD6F62BE64F9E586269DCB2E98A504B07A241C92124EB88D35FFFBBBA57F1C7E4E403D2A703EFCC040F8F58DC8F2F3B1AB1D3DEF6FEFC7B6C026D2B9EC823B4D00AC1E0987A4849F1678E778C9DFFEF03F9C1CACEFFFB423F43477B05D36FC1BFAB4E3727885898EC826A1A7C5430F8677A8259DCE7AE9BCEEE8CF785A00C0EA9170484AF889EFE1E1E17F2EF9A38A77FE4FF00BBA825FDC156C91AFF2BA19FD69DCDBE0F778193E9225D2AD747EF4E8519EF806B07A241C9212FED62E97CB65DBF7ED277FF69F47E6D4D72587BF79F923FF6B7F0BBD0D7C1A5CA8BE79D9DFFC4B821BCE05BE88597DEAEFE423E9563A6F6B6BE35BBB00AC1E0987A484BF79F9C68D1BFDFD17BFB3E98B1245E15FC39988FA199DC1D0CFE20C867F1627B06430F43AF2633AC185811FD9910EA5DB232DEF767676F2CDCB00568F844352C2BF9E333535353434F4D6910D4FFCF8F327FBF7057EC2F49AFAF953FFEF9D867EE634F0FAEA8CE1C751033F976AF835D445F569F087524F5EDE271DEE7C77C3B163C7CE9D3BC7AFE700583D120EC90AFF02EAD8D8587F7FFFCF6BBFF1CCE68727BD9FB8974657D9A413E94A3A3C72E4881470FC022A808C20E1902C6319373C3CDCDBDBBB61DB577FB4FD11B390BB9E52BC4927D2557373737B7BBB742B9D53C001583D120E295065DCECECECF8F8B8D3E9749C6B936492F2CB31B03F9DEACD372A1BCAE6D2C9AF8EEE3F7EFC787777B7742B9DCB2E28E000AC12098714A832EECE9D3BB76EDD1A1D1DFDF8E38FCF9C39B3A9F61B4FFCF8F3950D4FA79A70B2896C289B1F3A74E8D8B163D2957428DD4AE7B20B0A3800AB44C2213552572D2E2ECECFCFCFCCCC5CBF7EFDF2E5CB924CBB5A5EFC6EE99F7CFBE507B7ED5F7765F24C82483BD5D0744A5EC80AB29AACFCDDD2FFF18BCD1BEB9A9BA57A934EA42BE950BA95CE65171470005689842B7A83CDD5A766FC2F664E5597446B1E8C5BDBBFD2A101FF93031E8F677A7A5A32490AAFEEEEEEF60FDB2AF7AFFBCEA62FFEDD8635DF2FDBB0E9F5EF3475DA2EB88EFEFAB6539ABC90B715AFFFE4A5B2AFFDD34F7F5062E6F5967EE950BA554F0850C001582512AEE81913CE1869316F0DEB97549F9AFA4D30E4A4E41A1D1D753A9DBDBDBD9D9D9DC78E1DAB6F7BB5F4173F7EA9F4AB7FFFA3DFFFEB1F7CEEAF9EFBAC3479216FD7BFF2D54DAF3DB3A7EDD5A6A6A623478E1C3B76F81D5B754B6FAF6C2E9D4857C41B800C22E12CC65F639906932949AB48BD96A08633AC934043EFF8F8C0E1CAC42B54BC79E057BF7AF7DD7725D55A5A5A8E36EFDA62B6D6818BF3C41B800C22E12C26B584F34BB5860B911C52D7E4EEDCB9333B3BD25A55D572796C6868E8F2E5CB27F7FFDBD67D1F9E3E7DDAE17074B6BE63B3BDD3EAFFCF1F635BED1F9C3D7BF6FCF9F3B2DAD0D0F996D7ED67A7A6666767A51375ED8D78039029249CA544CAAD606A190BB00479E54FB8417F9AAD701D2E2A3BD51B15723E9FEFEEDDF10F77ECF8E09A7B6A6AEAC68D1B1FBDBBADF2F0852B57AE38C5B943BFF8C5A1B30303FED76DBB2B9BDB13567BD50EE20D400691701663CC217FBC05932EF82E3EE454AC45D64ADC6BF46AC1E8F42F09E4DCD4C9D87834D87ED4FF536FA26BEFF6D62BD3D3D3BDF525FBFB666FDFBE7DF7EE5D09C8A347F71ED8D1B1FC10002055249CC518122E704BC88CE9479125D5A74E056629E30BB8702D188EC6C0EA33C6AE235DFA3F734CF9EBB9858585F113D53B3E1C9300F388D1F61D3BDA473D017D07767C383A3F3FDF7F306E47AFED22E1006416096731CB279C59AD16BE0E67582FD10538D57B6CC786CED5BCE594A3BABA73D2A77C7AB2BAFAE4A7EAF5C74DF272696969E090FF9183F09CA47C50F1CAD64FA6A7D33F6E008843C259CCB2B394A6939171779A18CBB9B8A80BCC4E9AF493A8060CCF6586F775AAB9A4B939FEFECC5F1C7ABBA12143270100FC4838AB89BE6496E49D2633C6EDCC6B3863BFEA75EC7D2891DC4BF426B09D7F331956F42EFC83F8A5DD3E3434B4BAA307800812AEA8A9000CD45591EB6951A555604E32AA0E8BD9D8EC9304F3A1519B46A652439D4C4C4CD4D4D464EEE000143B120E79A4B5B5B5ABAB4BF72800580409873CE2F178AAAAAABC5EAFEE8100B002120EF9456A38A9E4748F0280159070C82F3E9FAFA6A6669A270700AC1A0987BCE3743A1B787200C0AA9170C847769E1C00B06A241CF2114F0E00583D120E798A270700AC1209873CC593030056898443FEE2C90100AB41C2217FF1E40080D520E190D778720040DA4838E43B9E1C00901E120EF98E270700A487844301504F0E78BDDEA6A6A68686069FCFA77B44000A00098702E0F1786C365B5959594949C9E6CD9BB9F70440324838E43BC9B36DDBB6857F93B5A6A686CB72009241C221DF5556561A7F75BCB6B6B6A7A747F7A0001400120EF94E6AB8D75F7FBDB4B45425DC5B6FBDD5D6D6A67B50000A00098702E0F57A77EEDC595E5E2E09B76DDBB6C6C646DD230250004838148CE6E6E68A8A0A29E66A6B6B758F05400120E15048CE9E3D5B565626C59CEE81002800241C0ACCC0C080849CEE51002800241C00C09A4838008035917000006B22E10000D644C20100AC8984030058130907CDEEDDBBFFDEC5D19F1DEE5D6B6B91F6DBEB77E6797BB8FCB08CF3D986AEBDDDC3F30B4BBACF1F808448386873F3F6C28B8DE71E78BE4E7B68ADA67D6BF789E1C939DDE7128009120E7AD8BB87D76CB0AB9078A8B4696373EFB1FE5F4BBB35B774C77B3F9F9B1AE7966397C215E767BEB74B6A50294601E415120EB92649F06C4397CA8647B61DED1B716B0FADB49B737CEEF137DBD5B13CBAE3B854A5BACF2E8008120EB9A6E24DEA9EED6D03DA232A53559D9A6B95AA8E4A0EC81F241C72CADE3DACE24D52417B3265B04925AA265D5F6C3CA7FB1C030822E1903B376ECDAB18D879F28AF64CCA783B393829C92D47777E6446F79906E047C22177D4FCE4A36F1CD79E46596A1B9B7BD55CA5EE330DC08F84438ECC2F2CA912A7A06F2D59BEDD9A5B5245EA85EB9471807E241C72A4E9BC4BD537DA7328ABEDE9771C72982FFFAA57F7F90640C22157D6DBFD7FFA4B5BFAB4875056DBBB1746E530BF54D6A4FB7C0320E1902BEAF9688BDD4219DF26DC0B72986B36D8759F6F00241C72E50B3FA9973FFDCEF139ED2194EDA62E37EA3EDF004838E48AFAE28F7CFD52AEEEF28AEEE825E3FBD6D93A4938A0909170C8119570A9A585C3F674FDB8FFC5B5834FAF8D161B482A93D6963B56E873B87E7DB04FB3E5F2EF5A33A69B246AEA48759F6F00241C7265B509678CB498B786F5D7AE3B389C56C2F903B2C2B86DFA351C0907E409120E39926AC27556842B285B67821ACEB04E02FED5FCB55D42318918BFA380154B43120EC843241C722417359C7993845BBFEF9A590D27FDF8132E1881D1B51D351C50F04838E448BA09D7ED4F9A15AEC3455D81F35F4B8BFD74F98433EE2BB9528F84030A0109871C493DE15469150927F3160C3FC36A0EDBDAA825C9CD5286EAC5CE8A9839C9EEF254E28D8403F20709871C4931E10285577D2075125C1BF387933FCC027389916AACBB5C659B7F2B35CD987C0D174CB8D51470241C903F4838E4C8AAAEC3859AE453A29B3ED4E4A4E453DCAD9229271C351C600D241C722423779A189F578B8B3AA9DE4CEBADE467290F96AFB59553C3015641C22147569170917B1DCD6B38E3A538F53AF53B4D02D9E99FD5A486032C8384438EA4F73C5CA0AE0A464EEC178E04E624CD6BACE0CD2626DF4592F889EFC87E830997B813120E2808241C72249D1AAE301B0907E409120E3942C201C831120E39B26683BD487E3D471DA9EEF30D808443AE3C5C7E58FEEE9F1C9CD49E40D96E72980F3C5FA7FB7C0320E1902BDFDCD92E7FFA779EBCA23D81B2DACE5E9D91C37CF0E503BACF3700120EB9F246C780FCE97FFCCD76ED2194D5B6B1B9570E73BDDDA1FB7C0320E1902B57A7E6E44FFF67BEB7CB3535AF3D87B2D71E2A6D92C37CEFD2A8EEF30D8084430E3DBAE3B8FCF5FF7E7D97F61CCA527BFBCCB01CE09A0DF63B0B4BBA4F3600120E39747E6446957167AFCE684FA38CB709F782BA8BF28D8E01DD671A801F09879CFAD62F4F48067CE127F5169BABBC35B7B4D6D62287F670F9E17BF7749F650001241C726A7E61493D36F0E0CB07FA46DCDA9329234DAA37156F52C35D9D9AD37D8E01049170C8B5E1C9B987CA9AD44363DBDB06B4E7D32ADB811E979A9C94C3397F7D46F7D9051041C24183F9BB4B8F071E8F53C5DCC6E6DE82BB32E71C9FDB72EC92BA73529A6436D51B906F4838E871EFDEFD968BA3126F2A215453C5509EB7F8316FFDE012D7DE803C44C241270986A60BAEF5764741649BB13DF07CDD93BB4FECED1EE6C100206F917000006B22E10000D644C2C160E6547549F5A9D0FD8083CD2561C1A5B228F0CABF62ACE6C1482F914E4CF711D9A6B939AE9FF86DFD9B847B8FFD24F04164973242F35501141D120E7E2689557DEA54282C423912601E2186A5E19783B1E915C9AE708FA19563A32A6E5BF33825E1002446C25955E2BA2781C1E67000055322F85F52E931689A860987634C38D31ACE301AD3CE646BC3A6CDA7E2C748D401458F84B3AA94132E141CB181169F7C66226918AAA94AA2CABE980D57ACE1E246661E78C6FDA978ACAE56833699EC04506448386B6A8EAE88A26BA5F89432BBAC16B846D63C18D830B8C58A0917E927B85BB5C05F6245763C681CDCA9C4D7E1124F544606613A4B697A88F7EFB7B4B4F87CBE559C5400058684B32A6315E5FFAB1F7D034952D59D71E63174716CC559CAE8B08B2EA4227B4EA68633148FC61A2E6A1A3418A966B394712A2B2BDD6E7712C70DC0224838AB32245CEC949DE904664CC5E4DF202AB56216C40A7D94E4F460DCD53A93CB772BD570C1CF93BED3A4AEAECEE572AD3834009641C259D5F209179F4251C9101B68C12D5298A5F4EF313EA2E20A31F3E9D141C320E2461C5BC3254C38FFF6C621363636F6F7F72779FA005800096755CBCE529A945909122EF4BC5AA8404B6296D2E4B3B8FD0593CDE4F181A82E53BD0E277BAAAE364EAD1AFB6B6D6DEDEAEA4A3046001644C2595674882C7FA7C9FD956629C3EB24917071E9159D7033C6BB4E8C4BE3132EA51A2E523826785AC0E170B4B5B5990F1F8015917050969DA5345B27BCC8909B81A05159643AFF58127F4170C595822B9A7FD34968DDE81B5DCC93BCAFAFEFF0E1C3E99C1B0085898443B170B95C757575BA470120774838148B8989899A9A1ADDA300903B241C8A85C7E3B1D96CBA4701207748381491929212DD4300903B241C8A085F6B021415120E45A4B6B6766C6C4CF72800E408098722D2D0D0E0743A758F02408E907028222D2D2D3D3D3DBA47012047483814918E00DDA3009023241C8A88147052C6E91E05801C21E150449C4E67434383EE5100C811120E45646C6CACB6B656F72800E408098722E276BB2B2B2B758F02408E9070282E7CAD09503C483814179BCDE6F178748F02402E9070282E353535131313BA4701201748381497BABA3A97CBA57B14007281844351D8BC7973CC0F89F35B7180E59170280AC78F1F37C69BDD6E27E100CB23E150147C3EDF962D5BC209575F5FCFD777019647C2A158F4F5F5959696AA84DBB56B1757E300CB23E15044AAAAAA24DE5E7DF5D58A8A0ADD63019075241C8AC88D1B37A48C7BE595571A1B1B758F0540D69170282E7BF7EE9532AEAFAF4FF74000641D0987E2E2F178366DDAC4D79A00C5808403005813090700B026120E00604D241C00C09A4838008035917000006B22E190D7EEDDBBFFDEC5D19F1DEE5D6B6B91F6DBEB77E6797BB8FCB08CF3D986AEBDDDC3F30B4BBACF1F50D44838E4A99BB7175E6C3CF7C0F375DA436B35ED5BBB4F0C4FCEE93E97409122E1908FECDDC36B36D855483C54DAB4B1B9F758FFAFA5DD9A5BBAE3BD9FCF4D8D73CBB14BE18AF333DFDB2535A814A300728C84437E912478B6A14B65C323DB8EF68DB8B58756DACD393EF7F89BEDEA581EDD715CAA52DD6717282E241CF28B8A37A97BB6B70D688FA84C55756AAE55AA3A2A3920974838E4117BF7B08A374905EDC994C12695A89A747DB1F19CEE730C1411120EF9E2C6AD7915033B4F5ED19E49196F27072725B9E5E8CE8FCCE83ED340B120E1902FD4FCE4A36F1CD79E46596A1B9B7BD55CA5EE330D140B120E79617E61499538057D6BC9F2EDD6DC922A522F5CA78C03728184435E683AEF52F58DF61CCA6A7BFA1D871CE6CBBFEAD57DBE81A240C2212FACB7FBFFF497B6F4690FA1ACB6772F8CCA617EA9AC49F7F9068A020987BCA09E8FB6D82D94F16DC2BD2087B966835DF7F9068A020987BCF0859FD4CB9F7EE7F89CF610CA7653971B759F6FA0289070C80BEA8B3FF2FF4BB94838A0809070C80B2AE1A2C2E0DAC1A7D7AEDF772DF8B6B3626DD8D3F5E3FE850EDBDA750787BDF787EBD7AF8D65EB0CF633BE6F5DA493B8269F46B629AFB0C5F513BFAD7F937287596F32E08AEE3B81F144461858626CEA48759F6FA0289070C80BC6843349AC7507F7550473453E8D048C5984DCF1769787132EBC822336BD82216448A6F0CAA15D84D2316EDB18C1F19070409E21E19017626AB8CE8A70F1148CAB4E9570922281BA2D2AC612269C4494D93AFEEAD0B0DC9870A6359CC31689C3B8A6E2D05062DAF6C5279C21EA483820674838E485B8594A154E9139469570F1C9B74CC2194AB1B551655FCC862BD6707191661E78861A2E5826AE5BEFEF30349B4AC2013946C2212F18122EEADA58B8302AF7279C44D7DA5031B462C245FA090692BF7493CD0FAAE52AF30CB5D7FA7DF589AFC3259EA88C64A7E92C6564C0241C906B241CF282C99D26D1ADD3701D2E901FC9CC5286CA32956D86422A986D2A7B92A9E10C1395C61A2EEAA2A0DA8BE92C250907E840C2212F44275CA0568B2EA4C209E7FFD49F5549245CF4F460C2164EB8E84B6B51EBAC54C3056B41EE3401F2090987BC10977091F452D7DE220917BCD92485594A7FCEC5475438FCE2AE9F994C422659C3254C3895CA241C9053241CF2425209177A5E2D102AC9CD529ACC76C6DD3C129C5D8C2C4FA386334938094575A789D7780B280907E40E0987BC90CA2CE58A3166F8282EBDA2136EDC78D7C9F2B39429D57091C291A705007D4838E48514662913275CE4C6487F9C04D24B554EC19C8B1575D37F8275E2AFE4993E2DA0524D2D8FBA641857EA917040CE9070C80B2BDE4B699946C2013943C2212F907000328E84435E58B3C15E24BF9EA38E54F7F9068A020987BCF070F961F9BB7F7270527B0265BBC9613EF07C9DEEF30D1405120E79E19B3BDBE54FFFCE9357B4275056DBD9AB3372980FBE7C40F7F9068A020987BCF046C780FCE97FFCCD76ED2194D5B6B1B9570E73BDDDA1FB7C03458184435EB83A35277FFA3FF3BD5DAEA979ED3994BDF65069931CE67B9746759F6FA0289070C8178FEE382E7FFDBF5FDFA53D87B2D4DE3E332C07B86683FDCEC292EE930D1405120EF9E2FCC88C2AE3CE5E9DD19E46196F13EE057517E51B1D03BACF34502C4838E4916FFDF28464C0177E526FB1B9CA5B734B6B6D2D72680F971FBE774FF759068A0609873C32BFB0A41E1B78F0E5037D236EEDC9949126D59B8A37A9E1AE4ECDE93EC7401121E1905F8627E71E2A6B520F8D6D6F1BD09E4FAB6C077A5C6A72520EE7FCF519DD6717282E241CF2CEFCDDA5C7038FC7A9626E63736FC15D99738ECF6D397649DD39294D329BEA0DC83D120EF9E8DEBDFB2D174725DE5442A8A68AA13C6FF163DEFAC125AEBD015A9070C85F120C4D175CEBED8E82C836637BE0F9BA27779FD8DB3DCC83018046241C00C09A4838008035917000006B22E10000D644C20100AC898403005813090704B5B4B4F87C3EDDA3009031241C10545B5B3B3636A67B14003286840382A486EBE9E9D13D0A001943C201415D5D5DADADADBA47012063483820686868C86EB7EB1E05808C21E180208FC763B3D9748F0240C690704044454585D7EBD53D0A009941C2011176BB7D686848F728006406090744B4B6B6767575E91E0580CC20E180889E9E9E969616DDA3009019241C10313636565B5BAB7B14003283840322BC5E6F454585EE5100C80C120E88525959E976BB758F02400690704094868606A7D3A97B140032808403A2B4B5B5391C0EDDA3009001241CB26DE65475F360E4ED607389F1AD5AA1FAD4CC329B978435373797C48ADFD6BF49CC3E62C612D965DC70FAFBFB1B1B1B533A4200F98984430E84632426EDA23F1C8C4DAF487685B70BAD1C1B5571DBC608EE3589849B9898A8A9A9C9D699009043241C9297B8364A2471F084D2CB2CF3E277654C38D39E069B972F03656BC3A6CDA7E2132EF4C2E7F3959595A5729000F2140987E4A5957009F24B058CA1A632ACE8CFA2E8CD56ACE112F46FF241787F2A1EAB033B966E0D1B480D27955C2AC709201F917048567374D5145D4F2508BE15122E728D2DD8A55AE02FB1229D0E1A777C2AF175B8C4F5626408A6B39471C36F6C6CECEFEFCFC02903A0150987E4192B2D7F3244CA9EF8AA2BB27CF959CA500AAA6C8BAEBC22BD2653C319262A8D355CD434683052CD66290D1C0E475B5B5B5AA708401E21E1903C43C2454FEB259CC05C699632AE9FC47B4E306D19B5AF656BB8E0E72BDD69229C4E674343C38A830290E74838246FF9845B3EA94C57303C09201FC647545C2116F5E840CC246492355CC284F36FAFD69A9E9EAEAAAA4AF9F400C833241C92B7EC2C65C21B3E8CB79544CAA965F2D0E4BEC860B2993C3E60DC2CE5EB70B2A7EAEAC8446828E144595999CFE74BEAAC00C857241C52101D342BDC69128AB1D8EA2D72DD2D127C3117E68CEBCF18EF3A312E8D4FB8946AB848E1187D854FA9ADAD1D1B1B4BE9E400C837241CB22E766A31AA122B89CEB984F394661D99AE145C31D194A85A6E88B3484E1B23B3A5A5A5A7A727B3E701408E91708089AEAEAED6D656DDA300B02A241C60626868C86EB7EB1E05805521E100131E8FC766B3E91E05805521E100731515155EAF57F72800A48F8403CCD9EDF6A1A121DDA300903E120E30D7DADADAD5D5A57B1400D247C201E67A7A7A5A5A5A748F0240FA4838C0DCD8D8586D6DADEE5100481F090798F37ABD151515BA4701207D241C90506565A5DBEDD63D0A006922E180841A1A1A9C4EA7EE51004813090724D4D6D6E67038748F02409A483820A1FEFEFEC6C646DDA3009026120E48686262A2A6A646F72800A489840312F2F97C656565BA4701204D241CB01CA9E1A492D33D0A00E920E180E5343636F6F7F7EB1E0580749070C0721C0E475B5B9BEE5100480709072CC7E974363434E81E0580749070C072A6A7A7ABAAAA748F02403A483860056565653E9F4FF72800A48C840356505B5B3B3636A67B14005246C2012B686969E9E9E9D13D0A002923E18015747575B5B6B6EA1E0580949170C00A868686EC76BBEE510048190907ACC0E3F1D86C36DDA3009032120E5859454585D7EBD53D0A00A921E18095D9EDF6A1A121DDA300901A120E58596B6B6B575797EE5100480D0907ACACA7A7A7A5A545F72800A486840356363636565B5BAB7B14005243C2012BF37ABD151515BA47012035241C9094CACA4AB7DBAD7B14005240C20149696868703A9DBA47012005241C9094B6B63687C3A17B14005240C20149E9EFEF6F6C6CD43D0A002920E18095B9DDEEE3C78F979797D7D4D4BCF6DA6BFCEA375010483860059B376F2E31D8B973A7E49CEE410158190907ACA0BBBBBBB4B4349C70F5F5F51D1D1DBA07056065241CB0B21D3B7684136ED7AE5D2E974BF78800AC8C840356E6F1785E7DF55589B7D75E7B8D47BF814241C20149E9EEEEDEB469D3D6AD5BB9A3122814241C90ACEDDBB74BC8F5F5F5E91E0880A4907040B23C1E8F249CFCAB7B20009242C20100AC898403005813090700B026120E00604D241C00C09A48380080359170B0B27BF7EEBF7771F467877BD7DA5AA4FDF6FA9D79DE1E2E3F2CE37CB6A16B6FF7F0FCC292EEF3071436120ED674F3F6C28B8DE71E78BE4E7B68ADA67D6BF789E1C939DDE7122854241C2CC8DE3DBC66835D85C443A54D1B9B7B8FF5FF5ADAADB9A53BDEFBF9DCD438B71CBB14AE383FF3BD5D52834A310A2055241C2C4592E0D9862E950D8F6C3BDA37E2D61E5A6937E7F8DCE36FB6AB637974C771A94A759F5DA0C09070B014156F52F76C6F1BD01E5199AAEAD45CAB54755472404A48385887BD7B58C59BA482F664CA60934A544DBABED8784EF739060A0909078BB8716B5EC5C0CE9357B46752C6DBC9C149496E39BAF32333BACF345030483858849A9F7CF48DE3DAD3284B6D6373AF9AABD47DA6818241C2C10AE61796548953D0B7962CDF6ECD2DA922F5C275CA382029241CACA0E9BC4BD537DA7328ABEDE9771C72982FFFAA57F7F9060A0309072B586FF7FFE92F6DE9D31E42596DEF5E1895C3FC525993EEF30D1406120E56A09E8FB6D82D94F16DC2BD2087B966835DF7F9060A0309072BF8C24FEAE54FBF737C4E7B0865BBA9CB8DBACF37501848385881FAE28FFCFF522E120EC825120E56A0126EA57818DFB7CED61979DB5DBED6F856ADB07EDFB565365F1B565E615B1B2B7E5BFF26E50EB3DEAE1D7CBAA25B5E0CD7AF7FBA7EDCBFC4615B1B58B27C5347AAFB7C038581848315249770C6548B49BBFB5119E3884DAF6008199229BCB2445420C342E918B76D8C60E0917040F69170B08295132E71F084D2CB2CF35414194B3D63C299D6700E5B240EE39A8AC3CE8AF026B67DF109B76CD4917040F248385841520967161BE112CA508A19E615FD31161D7B2BD67009FA5F66963218B4EBD6FB3B946ED71D1CA686033281848315AC3AE122D7D88281E42FDDD6AEAD38A896ABCC33D45EEBF7D527BE0E97B85E8C64A7E92CA57F8F2B4C54927040F2483858412666294329A8B22DBA90F2679BCA9E646A38C344A5B1860BAD199EFC4C304B49C2011942C2C10A563F4BB9E2F460EC2CA5A187D8BB2557AAE182B520779A005946C2C10A92BE9732D10533C393009273F111150EBFB8EB6726939049D6700913AEBB3C71D6927040F2483858C14A09A7522D9C6D91DB49A49C5AE6D6C7CE8AB82C0CCE2E4696A751C399249C84A2BAD3447D44C2019940C2C10A964FB8508CC5566FB25C22C75F8DA944894BAFE8841B37DE75B2FC2C654A355CA470E4690120A34838584192B394B1538B915229905E513997F88694C4EBC45FC9337D5A400D432D57291B9C9C8C2FF548386015483858412AD7E10ABB917040F2483858010907201E09072B58B3C15E24BF9EA38E54F7F9060A0309072B78B8FCB0FCDD3F3938A93D81B2DDE4301F78BE4EF7F9060A0309072BF8E6CE76F9D3BFF3E415ED0994D576F6EA8C1CE6832F1FD07DBE81C240C2C10ADEE818903FFD8FBFD9AE3D84B2DA3636F7CA61AEB73B749F6FA0309070B082AB5373F2A7FF33DFDBE59A9AD79E43D96B0F9536C961BE776954F7F9060A0309078B7874C771F9EBFFFDFA2EED3994A5F6F6996139C0351BEC771696749F6CA0309070B088F32333AA8C3B7B75467B1A65BC4DB817D45D946F740CE83ED340C120E1601DDFFAE509C9802FFCA4DE627395B7E696D6DA5AE4D01E2E3F7CEF9EEEB30C140E120ED631BFB0A41E1B78F0E5037D236EEDC9949126D59B8A37A9E1AE4ECDE93EC7402121E16029C393730F9535A987C6B6B70D68CFA755B6033D2E3539298773FEFA8CEEB30B1418120E56337F77E9F1C0E371AA98DBD8DC5B7057E69CE3735B8E5D52774E4A93CCA67A03D240C2C182EEDDBBDF727154E24D25846AAA18CAF3163FE6AD1F5CE2DA1B901E120E9625C1D074C1B5DEEE28886C33B6079EAF7B72F789BDDDC33C1800AC06090700B026120E00604D241C00C09A48380080359170284083CD25D5A7783A0CC0F2483814A0988493B72525CD83697636363696995101C833241C3268E65475FA49938248C2F9F75852DDDC9CEE7E7B7A7A241D3B3A3A323A3E007981844306E53EE156B5DFE9E9E9B2B2324938C9B90C8E0E409E20E19031FEB94225183F839125090328B24E28B302F175AA397A614C6F25AB4F389FCF575B5B2B3D353434A478A0000A0309870C32268D3F902231E47F179F41C65A2CBCADE1AA9A7F995A216AFBE8AEEFA797706D6D6DB21F9BCDE6F17852DB12408120E1904186A449662231BA2A0B156631B117B72CC9CE97E572B9D41E878686523C460005838443062D9F707137F89BDFF49FF584F37ABD959595126F2D2D2DC96E03A0009170C8A0656729CDC3CC38F7A85E9A255CD49AEAFEC9F413EEF0E1C3126F5555553E9F2FA5C303505848386452207C52B9D324B881710DD3848BBE25E554F4D302252BEE26A2AFAF4F562B2B2B9B9898C8C00103C863241C8A88DBEDAEA8A8908473381CBAC70220EB48381491BABA3A8937F957F74000E40209876221759BC49BD47052C9E91E0B805C20E15014C6C6C6D4D797F4F7F7EB1E0B801C21E1607D3E9FAFAAAA4AE2EDF0E1C3BAC70220774838585F4B4B8BC45B6565A5D7EBD53D1600B943C2C1E2868686D483042E974BF75800E41409072BF3783C369B8DDFC7018A1309072BB3DBED126FB5B5B57C7D09508448385896FA75D3B2B2B2E9E969DD6301A00109076BE2D74D019070B0207EDD14C07D120E96C4AF9B02B84FC2C17AF87553000A09074BE1D74D01849170B0147EDD1440180907EBE0D74D01189170B0087EDD14400C120E16C1AF9B028841C2A1B079BDDE37DE78E3FDF7DFE7D74D01C420E150D8D42F772BFCBA290023120E85ADBABA5AC5DBCF7FFEF3BABA3A7E010E40180987C226C1A612AEACACAC2E40F78800E40B120E05ECF4E9D32ADEAAAAAA8E1C39525B5BCBCF08000823E150A83C1E8FFAF5809D3B77D6D4D4F090008018241C0A55474787C4DB2BAFBCF2D65B6F51BA018847C221BFDC4BC074E5AD5BB7B6B6B6E67884000A050907CD5480FD26606969C9E7F32DC69185F2915A6799C0030023120EDA84B34D026C7E76EEEAB9F3FD1F749C786B4FC79BBB5593B79F9C39EB9EB9393F3FEFF57AEFDEBDABD28E9C03900C120E1A84B34D82EDF4DBF5B54F3CF5C3DFFDC3E73EFB1F4D9B7CF4E6DFFCA324DFE4F8B8C7E391B493A823E700AC888443AEA96C9394922A6DE3835F3626D9E63FFB8BCAAF7FC3FED433D2E485BC35269FACDCBAAD7A666A3A3EE7741F13807C44C221A754BC8D7F3CF8CA57BEA672EB85DFFFA3DD4FAEBBF8F65EEFD0D0D2E8684C938517F6EC9315C25157FAE53FFFB8F3F4CD9B3725E7BC5EEFE2E2222107C0140987DC51F1F6D191561557CF7FEE3F35FCCBBFBAFB3E8A0FB6F826AB4961279BA86AEFC4DEFD535353B3B3B352CC1172004C9170C89170BCA994921A6EFCA423996C33B6B18E9352C3A9746CDFB3776262C2ED761372004C9170C805156FFD1F74A8787BF36FFED1744E3299261B563DFA4D157252C91172001221E19075E16B6F3FFAFC1725992ABFFE8DC59191F4E24D35D97CEB238FA96B78174E741272004C9170C83A891CAFD7AB66174B1EFAD3DB1F7F6C9A5B53DDE73ACAB74A79B7FD91C754B33FF5CCD9AA1AD395A593922F7E457578657070727272767656F6E2F3F94838000A0987EC5205DCB1ADDB258D7EF03B7F607AED4DE24AC22CD1F37052F949F2C56F255D4987B2C2DB2F6D72B95C5353531E8FE7EEDDBB94710014120ED9A51EEB56F393EFFEF0A7F14135DAD6A13E5DBE496D175FFC353FFB829AABBC74E182F474F3A6FFDB4FD44372BA8F1B807E241CB248157027DEDAA37268EE62FFC2D5ABC6E67ABF35997853EDB5AF7C2D6673E9503D7870F0D52DC3C3C3131313B3B3B394710014120E592431231555E5D7BF2121647FEA1929C262DA6BA1E7BE936C520546F570F9E3DD4FAEF33F7BF0DFBF7EF9F265631947C20120E190456A8A523D2170D1BECFDDDBEBEEED09FCDBEBEEE939B6B134A578534DCA3ED936D84F4FEFC5B7F7AA27077ABBCF4A19373939E9F178D44D95BA8F1E8066241CB24862E6933367D5B7904C9D3C19D38C5F4A997C935A30A61F75BFC9913DF62B8383E3E3E3E1894ADD470F4033120E59B4B4B474667F93C4CFE63FFB8B1BAD47FDED68AB6A67AB6AD28837F5FDCB63EFBDE7EF24D4A1FA8ACB065BA571A25276ADFBE8016846C2215BD445B88E3777AB3B21AF1D3A646CEFFEF0A7E9259CB498AED475BEB75FDA74F1E24597CBC5A538000A09876C9180595C5C6CAFDE25F153FBC4539FECDB676CF67FF8E7B413EE7485CDD895C4A74AB80B172E0C0F0F4F4D4DA9EF3721E1802247C2215B6212CEB9678FB1AD32E18C5DC5245CF86613120E2872241CB2C59870558F7E33A686530F6BA7D762BA0ACF529270008C4838648B4AB8F09D263117CF5673A7494C57EA1B2F0FBEBA8584036044C2215B54C27DDC79FAB9C0D302FE1B20D5DD8FA196E6D302FFF0CFC11B320337524AB7E1A70548380046241CB245259C7BE6A67AE25B8AB698E7D8D27BE25B8A366327AA16945D74B4B773A7090023120ED9A29E1690B051BFE5B6FBC975EE1EFFB790FCBBE1DF8AC00463F2ADF9D91702DF66D213FA7A949EDA279E7A2EF08BE1A74F9FE669010046241CB268696949C2A6755BF573816F5E9EEEEA8EF95ECAE1C34792FFE6E56D5FFDCBDB97A336970ED5372FEF7AE12549389EF8066044C2218B7EF39BDFDCBD7B77727C5CE24D72A8E15FFE35E6C701D4CF0BA8DF325DBEF94BC0BE8F62B655BF2A279DB7B5B69E3B77CEE974F2AD5D00C2483864914AB8F9D9B983AF6E792EF00BA8A36D1DA6BF80BACCC303927FA6BFF42D5DA97B4C6A9EF95729E08CB799907000EE9370C8AAF0A5B8A94F3F55F7F4973CF4A7B72FC7FE906938E73ACAB74A59B6FD91C75493D8BBB0679FF9CA973F5695DFC607BFDCD1DE2E051CBF9E03200609872C52BF802A15D5ECECECC75D67D55CE5D6471E5B1C1931CDAD249B6CBEF96B7FA9E6278FECB1AB7B4CF8055400314838649784CDE2E2A2D455525D9DD9DFA49E1CA8FCFA37A4624B2FDE64437573A674D560AB94785357E0C2051C3F0E074021E1905DE132CEE3F14C4D4D9DD8BB5F855CC917BF327ED2916ABCC926EA3971156F9D9D9D6A7ED2E57249E7E12B70147000EE9370C8017535CEEBF5CECECE4E4E4E4AC8A9E9CA1FFCCE1FEC7E725DA2CB72316DEE62BFACAC6E2D91CD8DF1A66E3091CE65175C81031046C221EB5419A7E62ADD6EF7C4C4C485139D250FFDA9BA55F287BFFB87B54F3C7561CFBE85AB57E3834D16CA47B2827AEE4D157F47F6D88DF1261D4AB7E1F949120E8042C22117E243EECAE0E0C157B7181FF7960C2BFDF29F6F7DE431A9D5A4C90B791B0E3655BAED7AE1A58EF676F56C00F1066079241C722426E42627274746462E5DB8D060AB943053D38FA64D3EDAFCB5BF7CFBA54D6DADADEABE928B172F3A9D4ED95C3A21DE002442C221778C21373B3B3B3535353A3A2A759854633D5DDD6D7BF71FDA5E2D49166EF2F6C81EBB2ADA6405956DAA74930D6573E9847803900809879C0A879CD7EBF5783C376FDE943A4CE5DC95C14149AF8B01170CD412F9485650D9269BC886B2B97442BC0148848443AEA990F3F97CFE2FF49A9F0FE7DCF8F8B8A4D7C8C888CBE51A3690B7B2503E921554B6A9D24D36974E883700899070D0E05E404CCE496EDDBA754B026C2A603240BD9685F291AC20ABC5641BF1062011120EDA18736E717151459DE231082F94156435B20D409248386816CE39B1B4B4A4D22E862C948FD43A641B80249170C82FF712D03D2E0085E7FF03519443A9AB7C89AA0000000049454E44AE426082, '20013', 'qingjia.png');
INSERT INTO `jbpm4_lob` VALUES ('30002', '0', 0x3C3F786D6C2076657273696F6E3D22312E302220656E636F64696E673D225554462D38223F3E0A0A3C70726F63657373206E616D653D2271696E676A69612220786D6C6E733D22687474703A2F2F6A62706D2E6F72672F342E342F6A70646C223E0D0A2020203C737461727420673D223138302C35342C34382C343822206E616D653D22737461727431223E0D0A2020202020203C7472616E736974696F6E20673D222D36392C2D323222206E616D653D22746F20E68F90E4BAA4E794B3E8AFB72220746F3D22E68F90E4BAA4E794B3E8AFB7222F3E0D0A2020203C2F73746172743E0D0A2020203C656E6420673D223139372C3431352C34382C343822206E616D653D22656E6431222F3E0D0A2020203C7461736B2061737369676E65653D22237B6170706C69636174696F6E2E6170706C6963616E742E6C6F67696E4E616D657D2220673D223230302C3132372C39322C353222206E616D653D22E68F90E4BAA4E794B3E8AFB7223E0D0A2020202020203C7472616E736974696F6E20673D222D39332C2D323222206E616D653D22746F20E983A8E997A8E7BB8FE79086E5AEA1E689B92220746F3D22E983A8E997A8E7BB8FE79086E5AEA1E689B9222F3E0D0A2020203C2F7461736B3E0D0A2020203C7461736B2061737369676E65653D226C732220673D223231302C3231312C39322C353222206E616D653D22E983A8E997A8E7BB8FE79086E5AEA1E689B9223E0D0A2020202020203C7472616E736974696F6E20673D222D38312C2D323222206E616D653D22746F20E680BBE7BB8FE79086E5AEA1E689B92220746F3D22E680BBE7BB8FE79086E5AEA1E689B9222F3E0D0A2020203C2F7461736B3E0D0A2020203C7461736B2063616E6469646174652D67726F7570733D2277772220673D223233312C3333332C39322C353222206E616D653D22E680BBE7BB8FE79086E5AEA1E689B9223E0A2020202020203C7472616E736974696F6E206E616D653D22746F20656E64312220746F3D22656E64312220673D222D35302C2D3232222F3E0A2020203C2F7461736B3E0D0A3C2F70726F636573733E, '30001', 'qingjia.jpdl.xml');
INSERT INTO `jbpm4_lob` VALUES ('30003', '0', 0x89504E470D0A1A0A0000000D494844520000024B000001CF0802000000CC160906000032E049444154789CEDDD7F701BE77DE7F1CEF4CFFCE74C667A6AA793CB4D67AEEEA575E6E632CE4C7BA74E72E366E6AEAE9BB64EDD6BE3D489A5BB3AB19D46767E583123D22665410D65D1222D53116543222591A262D1162593A64448222552A225CA04655202458AA1F943424988824830D27D81073F16C0820440000FB078BFE6190958EC3EFBECFEC1CF7C9FDD057EEB3E000056F45BBA0700004056907000006B22E10000D644C20100AC898403005813090700B026120E00604D241C00C09A4838008035917000006B22E10000D644C20100AC898403005813090700B026120E00604D241C00C09A4838008035917000006B22E10000D644C20100AC898403005813090700B026120E00604D241C00C09A4838008035917000006B22E10000D644C20100AC898403005813090700B026120E00604D241C00C09A4838008035917000006B22E10000D644C20100AC898403005813090700B026120E00604D241C00C09A4838008035917000006B22E10000D644C20100AC898403005813090700B026120E00604D241C00C09A4838008035917000006B22E10000D644C20100AC898403005813090700B026120E00604D241C00C09A4838008035917000006B22E19049F7EEDDFB4DC0D2D2922F01F948AD232BEB1E2F002B23E190192ADB24C0161616BC5EEFFCFCFCEDDBB73D7164A17C242BC86AB2323907207B4838AC5638DBEEDEBD2B0176A4ABEA95DD7FFF7F5FFDAF7FFFA3DFFFEB1F7CEEAF9EFBAC3479216F65A17CF4EE99AA9B376FCECECECACAB2093907204B4838A4CF986D739ED9AAC667BEBBE98FFF6EC39AFF57FEDF5E7BE79F9A3A6D175C477F7DDB294D5EC85B59281FC90AB29AACFCE9E484DBED26E7006409098734A9785B5C5CBC73E78EFD58C9D3A57FF2ED971FDCB67FDD95C933EEA5D1659AAC20ABC9CAB2C93BC74AA6A6A6A49E934EA42B420E4006917048878AB7858585F9F9F9B25FFEDD133FFE7C65C3D3CB075B7C934D6443D97C7C7CFCD6AD5BD2957448C801C814120E290BC7DBC48CEB85D7FFE7339B1F760CEC4F35DE54930D6573E9E41357FFCCCC8CC7E321E400640A0987D484E34DD24892E947DB1F99F47E925EBCA9269B4B27D2D5F5EBD7A7A7A70939009942C22135EADADBFCFC7CE9AEBF95F26B95F1160E39E94A3A9490934A4E3A57D7E4741F2B80C246C221055257F97CBE3B77EEEC697DE9891F7F3EEDC949D3E94AE9B0EEE84BA3A3A3B76EDD925DC88E28E300AC06098714485D75F7EE5DF7BFDFFC6EE99F247B6B892F851B4FA4DB01E7E5F1F1F1D9D959D911651C80D520E1902C55C0DDBE7DBBF2C0BA6FBFFC87330B576716AE4D2F5E953623FF2E5CF3BF5DF0BFF0BF5E544D3EBA1658E25F59369996B78B6A05FF86FEE58BA1858BD7A45BE97C7878786A6A4A7644190760354838242B58C0B9DDDFF9F97FD95AFFD4C41DE7AF0D4DDE4ECC07FE556FE703CBD592F9C1893B8313A1D522EBDF09AE137E2BDD4AE7FDFDFD636363B223CA3800AB41C22129E102EE40C76B7FBB614DEFC8FB23B37D81F691FC7B5DBD9EF3BF50AFAFCFF5055798FB48AD33E25FF2D1757F8BAC1C5EE17A60935ED77BD2797D7BF9D0D010651C805522E19014F584C0ECEC6CC95B8FAD7BE54B5766CE5CB9D9F5896A336754BB3223AFD592AE2BFE16587833F03AB066E0DF3381E581B7E14FD55BF9E8E619E9FCE5B71EBB7CF9F28D1B376477EAC901DD470FA0209170488AC48CD7EBBD79D37F8F89845CFFA71FF64F04DAA71F5E0AB5C0C276597869E2C3E00A9FB6F7ABE5EAC54460B5C00AFE4D422FFA239B7F28F126BB387FFEBCCBE592DDC94E493800E921E19094A5A5A5F9F9F9E9E9E9C75FFCBD9A233FE81D7BBF77ECBDC0BFFE765EBD180D2F947FDF3B1F58725E5EABE5A36A9DF056A1258685B2B2742EBB387BF6ECF0F0B0EC4E762ABBD67DF4000A120987A4A88B709393938F3DFFB943DDFF76E6DAA133AEE633D79ABB5C91E65FE23AD4E53AA45E9C092E3C242B0756501FA9B7AA05570BAF290BA573D9C5E9D3A7AF5CB922BB5397E2741F3D808244C2212912331E8F676262E2AF9EFB6CDBC09ECEE1FDD21C817F832F86D4DB0381B7071C4307A23F95E5FE256AA16328BCF981E05BFFFAFE15DA3FDE23BB70381C4EA75376273B25E100A4878443528C09F7C1E55F9EF8A4FEC427FB42AD3EEAED90FFEDC94FF69D1CDAA75E9C18DAE77FAB1606D70F7D3AB4CFD88FAC73FCF26ED94567672709076095483824259C708F3DFFB903A72BFCC934541F8CAB21955B125A2AEAEA43D956AF3E55AF83F1168AB493A1F00BAE13DC76DFFE5315B20B49B8818101120EC06A9070484A38E11E7FE1F7B637FF8B9A60740C87E71E83738C6A8AB273383245195EA133B29A5A21DCF61B5EEC97CE6517241C80D523E1909470C27D67D3177F5AF3BF8C3798748D44DD6F62BE64F9E586269DCB2E98A504B07A241C92124EB88D35FFFBBBA57F1C7E4E403D2A703EFCC040F8F58DC8F2F3B1AB1D3DEF6FEFC7B6C026D2B9EC823B4D00AC1E0987A4849F1678E778C9DFFEF03F9C1CACEFFFB423F43477B05D36FC1BFAB4E3727885898EC826A1A7C5430F8677A8259DCE7AE9BCEEE8CF785A00C0EA9170484AF889EFE1E1E17F2EF9A38A77FE4FF00BBA825FDC156C91AFF2BA19FD69DCDBE0F778193E9225D2AD747EF4E8519EF806B07A241C9212FED62E97CB65DBF7ED277FF69F47E6D4D72587BF79F923FF6B7F0BBD0D7C1A5CA8BE79D9DFFC4B821BCE05BE88597DEAEFE423E9563A6F6B6BE35BBB00AC1E0987A484BF79F9C68D1BFDFD17BFB3E98B1245E15FC39988FA199DC1D0CFE20C867F1627B06430F43AF2633AC185811FD9910EA5DB232DEF767676F2CDCB00568F844352C2BF9E333535353434F4D6910D4FFCF8F327FBF7057EC2F49AFAF953FFEF9D867EE634F0FAEA8CE1C751033F976AF835D445F569F087524F5EDE271DEE7C77C3B163C7CE9D3BC7AFE700583D120EC90AFF02EAD8D8587F7FFFCF6BBFF1CCE68727BD9FB8974657D9A413E94A3A3C72E4881470FC022A808C20E1902C6319373C3CDCDBDBBB61DB577FB4FD11B390BB9E52BC4927D2557373737B7BBB742B9D53C001583D120E295065DCECECECF8F8B8D3E9749C6B936492F2CB31B03F9DEACD372A1BCAE6D2C9AF8EEE3F7EFC787777B7742B9DCB2E28E000AC12098714A832EECE9D3BB76EDD1A1D1DFDF8E38FCF9C39B3A9F61B4FFCF8F3950D4FA79A70B2896C289B1F3A74E8D8B163D2957428DD4AE7B20B0A3800AB44C2213552572D2E2ECECFCFCFCCCC5CBF7EFDF2E5CB924CBB5A5EFC6EE99F7CFBE507B7ED5F7765F24C82483BD5D0744A5EC80AB29AACFCDDD2FFF18BCD1BEB9A9BA57A934EA42BE950BA95CE65171470005689842B7A83CDD5A766FC2F664E5597446B1E8C5BDBBFD2A101FF93031E8F677A7A5A32490AAFEEEEEEF60FDB2AF7AFFBCEA62FFEDD8635DF2FDBB0E9F5EF3475DA2EB88EFEFAB6539ABC90B715AFFFE4A5B2AFFDD34F7F5062E6F5967EE950BA554F0850C001582512AEE81913CE1869316F0DEB97549F9AFA4D30E4A4E41A1D1D753A9DBDBDBD9D9D9DC78E1DAB6F7BB5F4173F7EA9F4AB7FFFA3DFFFEB1F7CEEAF9EFBAC3479216FD7BFF2D54DAF3DB3A7EDD5A6A6A623478E1C3B76F81D5B754B6FAF6C2E9D4857C41B800C22E12CC65F639906932949AB48BD96A08633AC934043EFF8F8C0E1CAC42B54BC79E057BF7AF7DD7725D55A5A5A8E36EFDA62B6D6818BF3C41B800C22E12C26B584F34BB5860B911C52D7E4EEDCB9333B3BD25A55D572796C6868E8F2E5CB27F7FFDBD67D1F9E3E7DDAE17074B6BE63B3BDD3EAFFCF1F635BED1F9C3D7BF6FCF9F3B2DAD0D0F996D7ED67A7A6666767A51375ED8D78039029249CA544CAAD606A190BB00479E54FB8417F9AAD701D2E2A3BD51B15723E9FEFEEDDF10F77ECF8E09A7B6A6AEAC68D1B1FBDBBADF2F0852B57AE38C5B943BFF8C5A1B30303FED76DBB2B9BDB13567BD50EE20D400691701663CC217FBC05932EF82E3EE454AC45D64ADC6BF46AC1E8F42F09E4DCD4C9D87834D87ED4FF536FA26BEFF6D62BD3D3D3BDF525FBFB666FDFBE7DF7EE5D09C8A347F71ED8D1B1FC10002055249CC518122E704BC88CE9479125D5A74E056629E30BB8702D188EC6C0EA33C6AE235DFA3F734CF9EBB9858585F113D53B3E1C9300F388D1F61D3BDA473D017D07767C383A3F3FDF7F306E47AFED22E1006416096731CB279C59AD16BE0E67582FD10538D57B6CC786CED5BCE594A3BABA73D2A77C7AB2BAFAE4A7EAF5C74DF272696969E090FF9183F09CA47C50F1CAD64FA6A7D33F6E008843C259CCB2B394A6939171779A18CBB9B8A80BCC4E9AF493A8060CCF6586F775AAB9A4B939FEFECC5F1C7ABBA12143270100FC4838AB89BE6496E49D2633C6EDCC6B3863BFEA75EC7D2891DC4BF426B09D7F331956F42EFC83F8A5DD3E3434B4BAA307800812AEA8A9000CD45591EB6951A555604E32AA0E8BD9D8EC9304F3A1519B46A652439D4C4C4CD4D4D464EEE000143B120E79A4B5B5B5ABAB4BF72800580409873CE2F178AAAAAABC5EAFEE8100B002120EF9456A38A9E4748F0280159070C82F3E9FAFA6A6669A270700AC1A0987BCE3743A1B787200C0AA9170C847769E1C00B06A241CF2114F0E00583D120E798A270700AC1209873CC593030056898443FEE2C90100AB41C2217FF1E40080D520E190D778720040DA4838E43B9E1C00901E120EF98E270700A487844301504F0E78BDDEA6A6A68686069FCFA77B44000A00098702E0F1786C365B5959594949C9E6CD9BB9F70440324838E43BC9B36DDBB6857F93B5A6A686CB72009241C221DF5556561A7F75BCB6B6B6A7A747F7A0001400120EF94E6AB8D75F7FBDB4B45425DC5B6FBDD5D6D6A67B50000A00098702E0F57A77EEDC595E5E2E09B76DDBB6C6C646DD230250004838148CE6E6E68A8A0A29E66A6B6B758F05400120E15048CE9E3D5B565626C59CEE81002800241C0ACCC0C080849CEE51002800241C00C09A4838008035917000006B22E10000D644C20100AC8984030058130907CDEEDDBBFFDEC5D19F1DEE5D6B6B91F6DBEB77E6797BB8FCB08CF3D986AEBDDDC3F30B4BBACF1F808448386873F3F6C28B8DE71E78BE4E7B68ADA67D6BF789E1C939DDE7128009120E7AD8BB87D76CB0AB9078A8B4696373EFB1FE5F4BBB35B774C77B3F9F9B1AE7966397C215E767BEB74B6A50294601E415120EB92649F06C4397CA8647B61DED1B716B0FADB49B737CEEF137DBD5B13CBAE3B854A5BACF2E8008120EB9A6E24DEA9EED6D03DA232A53559D9A6B95AA8E4A0EC81F241C72CADE3DACE24D52417B3265B04925AA265D5F6C3CA7FB1C030822E1903B376ECDAB18D879F28AF64CCA783B393829C92D47777E6446F79906E047C22177D4FCE4A36F1CD79E46596A1B9B7BD55CA5EE330DC08F84438ECC2F2CA912A7A06F2D59BEDD9A5B5245EA85EB9471807E241C72A4E9BC4BD537DA7328ABEDE9771C72982FFFAA57F7F90640C22157D6DBFD7FFA4B5BFAB4875056DBBB1746E530BF54D6A4FB7C0320E1902BEAF9688BDD4219DF26DC0B72986B36D8759F6F00241C72E50B3FA9973FFDCEF139ED2194EDA62E37EA3EDF004838E48AFAE28F7CFD52AEEEF28AEEE825E3FBD6D93A4938A0909170C8119570A9A585C3F674FDB8FFC5B5834FAF8D161B482A93D6963B56E873B87E7DB04FB3E5F2EF5A33A69B246AEA48759F6F00241C7265B509678CB498B786F5D7AE3B389C56C2F903B2C2B86DFA351C0907E409120E39926AC27556842B285B67821ACEB04E02FED5FCB55D42318918BFA380154B43120EC843241C722417359C7993845BBFEF9A590D27FDF8132E1881D1B51D351C50F04838E448BA09D7ED4F9A15AEC3455D81F35F4B8BFD74F98433EE2BB9528F84030A0109871C493DE15469150927F3160C3FC36A0EDBDAA825C9CD5286EAC5CE8A9839C9EEF254E28D8403F20709871C4931E10285577D2075125C1BF387933FCC027389916AACBB5C659B7F2B35CD987C0D174CB8D51470241C903F4838E4C8AAAEC3859AE453A29B3ED4E4A4E453DCAD9229271C351C600D241C722423779A189F578B8B3AA9DE4CEBADE467290F96AFB59553C3015641C22147569170917B1DCD6B38E3A538F53AF53B4D02D9E99FD5A486032C8384438EA4F73C5CA0AE0A464EEC178E04E624CD6BACE0CD2626DF4592F889EFC87E830997B813120E2808241C72249D1AAE301B0907E409120E3942C201C831120E39B26683BD487E3D471DA9EEF30D808443AE3C5C7E58FEEE9F1C9CD49E40D96E72980F3C5FA7FB7C0320E1902BDFDCD92E7FFA779EBCA23D81B2DACE5E9D91C37CF0E503BACF3700120EB9F246C780FCE97FFCCD76ED2194D5B6B1B9570E73BDDDA1FB7C0320E1902B57A7E6E44FFF67BEB7CB3535AF3D87B2D71E2A6D92C37CEFD2A8EEF30D8084430E3DBAE3B8FCF5FF7E7D97F61CCA527BFBCCB01CE09A0DF63B0B4BBA4F3600120E39747E6446957167AFCE684FA38CB709F782BA8BF28D8E01DD671A801F09879CFAD62F4F48067CE127F5169BABBC35B7B4D6D62287F670F9E17BF7749F650001241C726A7E61493D36F0E0CB07FA46DCDA9329234DAA37156F52C35D9D9AD37D8E01049170C8B5E1C9B987CA9AD44363DBDB06B4E7D32ADB811E979A9C94C3397F7D46F7D9051041C24183F9BB4B8F071E8F53C5DCC6E6DE82BB32E71C9FDB72EC92BA73529A6436D51B906F4838E871EFDEFD968BA3126F2A215453C5509EB7F8316FFDE012D7DE803C44C241270986A60BAEF5764741649BB13DF07CDD93BB4FECED1EE6C100206F917000006B22E10000D644C2C160E6547549F5A9D0FD8083CD2561C1A5B228F0CABF62ACE6C1482F914E4CF711D9A6B939AE9FF86DFD9B847B8FFD24F04164973242F35501141D120E7E2689557DEA54282C423912601E2186A5E19783B1E915C9AE708FA19563A32A6E5BF33825E1002446C25955E2BA2781C1E67000055322F85F52E931689A860987634C38D31ACE301AD3CE646BC3A6CDA7E2C748D401458F84B3AA94132E141CB181169F7C66226918AAA94AA2CABE980D57ACE1E246661E78C6FDA978ACAE56833699EC04506448386B6A8EAE88A26BA5F89432BBAC16B846D63C18D830B8C58A0917E927B85BB5C05F6245763C681CDCA9C4D7E1124F544606613A4B697A88F7EFB7B4B4F87CBE559C5400058684B32A6315E5FFAB1F7D034952D59D71E63174716CC559CAE8B08B2EA4227B4EA68633148FC61A2E6A1A3418A966B394712A2B2BDD6E7712C70DC0224838AB32245CEC949DE904664CC5E4DF202AB56216C40A7D94E4F460DCD53A93CB772BD570C1CF93BED3A4AEAECEE572AD3834009641C259D5F209179F4251C9101B68C12D5298A5F4EF313EA2E20A31F3E9D141C320E2461C5BC3254C38FFF6C621363636F6F7F72779FA005800096755CBCE529A945909122EF4BC5AA8404B6296D2E4B3B8FD0593CDE4F181A82E53BD0E277BAAAE364EAD1AFB6B6D6DEDEAEA4A3046001644C2595674882C7FA7C9FD956629C3EB24917071E9159D7033C6BB4E8C4BE3132EA51A2E523826785AC0E170B4B5B5990F1F8015917050969DA5345B27BCC8909B81A05159643AFF58127F4170C595822B9A7FD34968DDE81B5DCC93BCAFAFEFF0E1C3E99C1B0085898443B170B95C757575BA470120774838148B8989899A9A1ADDA300903B241C8A85C7E3B1D96CBA4701207748381491929212DD4300903B241C8A085F6B021415120E45A4B6B6766C6C4CF72800E408098722D2D0D0E0743A758F02408E907028222D2D2D3D3D3DBA47012047483814918E00DDA3009023241C8A88147052C6E91E05801C21E150449C4E67434383EE5100C811120E45646C6CACB6B656F72800E408098722E276BB2B2B2B758F02408E9070282E7CAD09503C483814179BCDE6F178748F02402E9070282E353535131313BA4701201748381497BABA3A97CBA57B14007281844351D8BC7973CC0F89F35B7180E59170280AC78F1F37C69BDD6E27E100CB23E150147C3EDF962D5BC209575F5FCFD777019647C2A158F4F5F5959696AA84DBB56B1757E300CB23E15044AAAAAA24DE5E7DF5D58A8A0ADD63019075241C8AC88D1B37A48C7BE595571A1B1B758F0540D69170282E7BF7EE9532AEAFAF4FF74000641D0987E2E2F178366DDAC4D79A00C5808403005813090700B026120E00604D241C00C09A4838008035917000006B22E190D7EEDDBBFFDEC5D19F1DEE5D6B6B91F6DBEB77E6797BB8FCB08CF3D986AEBDDDC3F30B4BBACF1F50D44838E4A99BB7175E6C3CF7C0F375DA436B35ED5BBB4F0C4FCEE93E97409122E1908FECDDC36B36D855483C54DAB4B1B9F758FFAFA5DD9A5BBAE3BD9FCF4D8D73CBB14BE18AF333DFDB2535A814A300728C84437E912478B6A14B65C323DB8EF68DB8B58756DACD393EF7F89BEDEA581EDD715CAA52DD6717282E241CF28B8A37A97BB6B70D688FA84C55756AAE55AA3A2A3920974838E4117BF7B08A374905EDC994C12695A89A747DB1F19CEE730C1411120EF9E2C6AD7915033B4F5ED19E49196F27072725B9E5E8CE8FCCE83ED340B120E1902FD4FCE4A36F1CD79E46596A1B9B7BD55CA5EE330D140B120E79617E61499538057D6BC9F2EDD6DC922A522F5CA78C03728184435E683AEF52F58DF61CCA6A7BFA1D871CE6CBBFEAD57DBE81A240C2212FACB7FBFFF497B6F4690FA1ACB6772F8CCA617EA9AC49F7F9068A020987BCA09E8FB6D82D94F16DC2BD2087B966835DF7F9068A020987BCF0859FD4CB9F7EE7F89CF610CA7653971B759F6FA0289070C80BEA8B3FF2FF4BB94838A0809070C80B2AE1A2C2E0DAC1A7D7AEDF772DF8B6B3626DD8D3F5E3FE850EDBDA750787BDF787EBD7AF8D65EB0CF633BE6F5DA493B8269F46B629AFB0C5F513BFAD7F937287596F32E08AEE3B81F144461858626CEA48759F6FA0289070C80BC6843349AC7507F7550473453E8D048C5984DCF1769787132EBC822336BD82216448A6F0CAA15D84D2316EDB18C1F19070409E21E19017626AB8CE8A70F1148CAB4E9570922281BA2D2AC612269C4494D93AFEEAD0B0DC9870A6359CC31689C3B8A6E2D05062DAF6C5279C21EA483820674838E485B8594A154E9139469570F1C9B74CC2194AB1B551655FCC862BD6707191661E78861A2E5826AE5BEFEF30349B4AC2013946C2212F18122EEADA58B8302AF7279C44D7DA5031B462C245FA090692BF7493CD0FAAE52AF30CB5D7FA7DF589AFC3259EA88C64A7E92C6564C0241C906B241CF282C99D26D1ADD3701D2E901FC9CC5286CA32956D86422A986D2A7B92A9E10C1395C61A2EEAA2A0DA8BE92C250907E840C2212F44275CA0568B2EA4C209E7FFD49F5549245CF4F460C2164EB8E84B6B51EBAC54C3056B41EE3401F2090987BC10977091F452D7DE220917BCD92485594A7FCEC5475438FCE2AE9F994C422659C3254C3895CA241C9053241CF2425209177A5E2D102AC9CD529ACC76C6DD3C129C5D8C2C4FA386334938094575A789D7780B280907E40E0987BC90CA2CE58A3166F8282EBDA2136EDC78D7C9F2B39429D57091C291A705007D4838E48514662913275CE4C6487F9C04D24B554EC19C8B1575D37F8275E2AFE4993E2DA0524D2D8FBA641857EA917040CE9070C80B2BDE4B699946C2013943C2212F907000328E84435E58B3C15E24BF9EA38E54F7F9068A020987BCF070F961F9BB7F7270527B0265BBC9613EF07C9DEEF30D1405120E79E19B3BDBE54FFFCE9357B4275056DBD9AB3372980FBE7C40F7F9068A020987BCF046C780FCE97FFCCD76ED2194D5B6B1B9570E73BDDDA1FB7C03458184435EB83A35277FFA3FF3BD5DAEA979ED3994BDF65069931CE67B9746759F6FA0289070C8178FEE382E7FFDBF5FDFA53D87B2D4DE3E332C07B86683FDCEC292EE930D1405120EF9E2FCC88C2AE3CE5E9DD19E46196F13EE057517E51B1D03BACF34502C4838E4916FFDF28464C0177E526FB1B9CA5B734B6B6D2D72680F971FBE774FF759068A0609873C32BFB0A41E1B78F0E5037D236EEDC9949126D59B8A37A9E1AE4ECDE93EC7401121E1905F8627E71E2A6B520F8D6D6F1BD09E4FAB6C077A5C6A72520EE7FCF519DD6717282E241CF2CEFCDDA5C7038FC7A9626E63736FC15D99738ECF6D397649DD39294D329BEA0DC83D120EF9E8DEBDFB2D174725DE5442A8A68AA13C6FF163DEFAC125AEBD015A9070C85F120C4D175CEBED8E82C836637BE0F9BA27779FD8DB3DCC83018046241C00C09A4838008035917000006B22E10000D644C20100AC898403005813090704B5B4B4F87C3EDDA3009031241C10545B5B3B3636A67B14003286840382A486EBE9E9D13D0A001943C201415D5D5DADADADBA47012063483820686868C86EB7EB1E05808C21E180208FC763B3D9748F0240C690704044454585D7EBD53D0A009941C2011176BB7D686848F728006406090744B4B6B6767575E91E0580CC20E180889E9E9E969616DDA3009019241C10313636565B5BAB7B14003283840322BC5E6F454585EE5100C80C120E88525959E976BB758F02400690704094868606A7D3A97B140032808403A2B4B5B5391C0EDDA3009001241CB26DE65475F360E4ED607389F1AD5AA1FAD4CC329B978435373797C48ADFD6BF49CC3E62C612D965DC70FAFBFB1B1B1B533A4200F98984430E84632426EDA23F1C8C4DAF487685B70BAD1C1B5571DBC608EE3589849B9898A8A9A9C9D699009043241C9297B8364A2471F084D2CB2CF3E277654C38D39E069B972F03656BC3A6CDA7E2132EF4C2E7F3959595A5729000F2140987E4A5957009F24B058CA1A632ACE8CFA2E8CD56ACE112F46FF241787F2A1EAB033B966E0D1B480D27955C2AC709201F917048567374D5145D4F2508BE15122E728D2DD8A55AE02FB1229D0E1A777C2AF175B8C4F5626408A6B39471C36F6C6CECEFEFCFC02903A0150987E4192B2D7F3244CA9EF8AA2BB27CF959CA500AAA6C8BAEBC22BD2653C319262A8D355CD434683052CD66290D1C0E475B5B5B5AA708401E21E1903C43C2454FEB259CC05C699632AE9FC47B4E306D19B5AF656BB8E0E72BDD69229C4E674343C38A830290E74838246FF9845B3EA94C57303C09201FC647545C2116F5E840CC246492355CC284F36FAFD69A9E9EAEAAAA4AF9F400C833241C92B7EC2C65C21B3E8CB79544CAA965F2D0E4BEC860B2993C3E60DC2CE5EB70B2A7EAEAC8446828E144595999CFE74BEAAC00C857241C52101D342BDC69128AB1D8EA2D72DD2D127C3117E68CEBCF18EF3A312E8D4FB8946AB848E1187D854FA9ADAD1D1B1B4BE9E400C837241CB22E766A31AA122B89CEB984F394661D99AE145C31D194A85A6E88B3484E1B23B3A5A5A5A7A727B3E701408E91708089AEAEAED6D656DDA300B02A241C60626868C86EB7EB1E05805521E100131E8FC766B3E91E05805521E100731515155EAF57F72800A48F8403CCD9EDF6A1A121DDA300903E120E30D7DADADAD5D5A57B1400D247C201E67A7A7A5A5A5A748F0240FA4838C0DCD8D8586D6DADEE5100481F090798F37ABD151515BA4701207D241C90506565A5DBEDD63D0A006922E180841A1A1A9C4EA7EE51004813090724D4D6D6E67038748F02409A483820A1FEFEFEC6C646DDA3009026120E48686262A2A6A646F72800A489840312F2F97C656565BA4701204D241CB01CA9E1A492D33D0A00E920E180E5343636F6F7F7EB1E0580749070C0721C0E475B5B9BEE5100480709072CC7E974363434E81E0580749070C072A6A7A7ABAAAA748F02403A483860056565653E9F4FF72800A48C840356505B5B3B3636A67B14005246C2012B686969E9E9E9D13D0A002923E18015747575B5B6B6EA1E0580949170C00A868686EC76BBEE510048190907ACC0E3F1D86C36DDA3009032120E5859454585D7EBD53D0A00A921E18095D9EDF6A1A121DDA300901A120E58596B6B6B575797EE5100480D0907ACACA7A7A7A5A545F72800A486840356363636565B5BAB7B14005243C2012BF37ABD151515BA47012035241C9094CACA4AB7DBAD7B14005240C20149696868703A9DBA47012005241C9094B6B63687C3A17B14005240C20149E9EFEF6F6C6CD43D0A002920E18095B9DDEEE3C78F979797D7D4D4BCF6DA6BFCEA375010483860059B376F2E31D8B973A7E49CEE410158190907ACA0BBBBBBB4B4349C70F5F5F51D1D1DBA07056065241CB0B21D3B7684136ED7AE5D2E974BF78800AC8C840356E6F1785E7DF55589B7D75E7B8D47BF814241C20149E9EEEEDEB469D3D6AD5BB9A3122814241C90ACEDDBB74BC8F5F5F5E91E0880A4907040B23C1E8F249CFCAB7B20009242C20100AC898403005813090700B026120E00604D241C00C09A48380080359170B0B27BF7EEBF7771F467877BD7DA5AA4FDF6FA9D79DE1E2E3F2CE37CB6A16B6FF7F0FCC292EEF3071436120ED674F3F6C28B8DE71E78BE4E7B68ADA67D6BF789E1C939DDE7122854241C2CC8DE3DBC66835D85C443A54D1B9B7B8FF5FF5ADAADB9A53BDEFBF9DCD438B71CBB14AE383FF3BD5D52834A310A2055241C2C4592E0D9862E950D8F6C3BDA37E2D61E5A6937E7F8DCE36FB6AB637974C771A94A759F5DA0C09070B014156F52F76C6F1BD01E5199AAEAD45CAB54755472404A48385887BD7B58C59BA482F664CA60934A544DBABED8784EF739060A0909078BB8716B5EC5C0CE9357B46752C6DBC9C149496E39BAF32333BACF345030483858849A9F7CF48DE3DAD3284B6D6373AF9AABD47DA6818241C2C10AE61796548953D0B7962CDF6ECD2DA922F5C275CA382029241CACA0E9BC4BD537DA7328ABEDE9771C72982FFFAA57F7F9060A0309072B586FF7FFE92F6DE9D31E42596DEF5E1895C3FC525993EEF30D1406120E56A09E8FB6D82D94F16DC2BD2087B966835DF7F9060A0309072BF8C24FEAE54FBF737C4E7B0865BBA9CB8DBACF37501848385881FAE28FFCFF522E120EC825120E56A0126EA57818DFB7CED61979DB5DBED6F856ADB07EDFB565365F1B565E615B1B2B7E5BFF26E50EB3DEAE1D7CBAA25B5E0CD7AF7FBA7EDCBFC4615B1B58B27C5347AAFB7C038581848315249770C6548B49BBFB5119E3884DAF6008199229BCB2445420C342E918B76D8C60E0917040F69170B08295132E71F084D2CB2CF35414194B3D63C299D6700E5B240EE39A8AC3CE8AF026B67DF109B76CD4917040F248385841520967161BE112CA508A19E615FD31161D7B2BD67009FA5F66963218B4EBD6FB3B946ED71D1CA686033281848315AC3AE122D7D88281E42FDDD6AEAD38A896ABCC33D45EEBF7D527BE0E97B85E8C64A7E92CA57F8F2B4C54927040F2483858412666294329A8B22DBA90F2679BCA9E646A38C344A5B1860BAD199EFC4C304B49C2011942C2C10A563F4BB9E2F460EC2CA5A187D8BB2557AAE182B520779A005946C2C10A92BE9732D10533C393009273F111150EBFB8EB6726939049D6700913AEBB3C71D6927040F2483858C14A09A7522D9C6D91DB49A49C5AE6D6C7CE8AB82C0CCE2E4696A751C399249C84A2BAD3447D44C2019940C2C10A964FB8508CC5566FB25C22C75F8DA944894BAFE8841B37DE75B2FC2C654A355CA470E4690120A34838584192B394B1538B915229905E513997F88694C4EBC45FC9337D5A400D432D57291B9C9C8C2FF548386015483858412AD7E10ABB917040F2483858010907201E09072B58B3C15E24BF9EA38E54F7F9060A0309072B78B8FCB0FCDD3F3938A93D81B2DDE4301F78BE4EF7F9060A0309072BF8E6CE76F9D3BFF3E415ED0994D576F6EA8C1CE6832F1FD07DBE81C240C2C10ADEE818903FFD8FBFD9AE3D84B2DA3636F7CA61AEB73B749F6FA0309070B082AB5373F2A7FF33DFDBE59A9AD79E43D96B0F9536C961BE776954F7F9060A0309078B7874C771F9EBFFFDFA2EED3994A5F6F6996139C0351BEC771696749F6CA0309070B088F32333AA8C3B7B75467B1A65BC4DB817D45D946F740CE83ED340C120E1601DDFFAE509C9802FFCA4DE627395B7E696D6DA5AE4D01E2E3F7CEF9EEEB30C140E120ED631BFB0A41E1B78F0E5037D236EEDC9949126D59B8A37A9E1AE4ECDE93EC7402121E16029C393730F9535A987C6B6B70D68CFA755B6033D2E3539298773FEFA8CEEB30B1418120E56337F77E9F1C0E371AA98DBD8DC5B7057E69CE3735B8E5D52774E4A93CCA67A03D240C2C182EEDDBBDF727154E24D25846AAA18CAF3163FE6AD1F5CE2DA1B901E120E9625C1D074C1B5DEEE28886C33B6079EAF7B72F789BDDDC33C1800AC06090700B026120E00604D241C00C09A48380080359170284083CD25D5A7783A0CC0F2483814A0988493B72525CD83697636363696995101C833241C3268E65475FA49938248C2F9F75852DDDC9CEE7E7B7A7A241D3B3A3A323A3E007981844306E53EE156B5DFE9E9E9B2B2324938C9B90C8E0E409E20E19031FEB94225183F839125090328B24E28B302F175AA397A614C6F25AB4F389FCF575B5B2B3D353434A478A0000A0309870C32268D3F902231E47F179F41C65A2CBCADE1AA9A7F995A216AFBE8AEEFA797706D6D6DB21F9BCDE6F17852DB12408120E1904186A449662231BA2A0B156631B117B72CC9CE97E572B9D41E878686523C460005838443062D9F707137F89BDFF49FF584F37ABD959595126F2D2D2DC96E03A0009170C8A0656729CDC3CC38F7A85E9A255CD49AEAFEC9F413EEF0E1C3126F5555553E9F2FA5C303505848386452207C52B9D324B881710DD3848BBE25E554F4D302252BEE26A2AFAF4F562B2B2B9B9898C8C00103C863241C8A88DBEDAEA8A8908473381CBAC70220EB48381491BABA3A8937F957F74000E40209876221759BC49BD47052C9E91E0B805C20E15014C6C6C6D4D797F4F7F7EB1E0B801C21E1607D3E9FAFAAAA4AE2EDF0E1C3BAC70220774838585F4B4B8BC45B6565A5D7EBD53D1600B943C2C1E2868686D483042E974BF75800E41409072BF3783C369B8DDFC7018A1309072BB3DBED126FB5B5B57C7D09508448385896FA75D3B2B2B2E9E969DD6301A00109076BE2D74D019070B0207EDD14C07D120E96C4AF9B02B84FC2C17AF87553000A09074BE1D74D01849170B0147EDD1440180907EBE0D74D01189170B0087EDD14400C120E16C1AF9B028841C2A1B079BDDE37DE78E3FDF7DFE7D74D01C420E150D8D42F772BFCBA290023120E85ADBABA5AC5DBCF7FFEF3BABA3A7E010E40180987C226C1A612AEACACAC2E40F78800E40B120E05ECF4E9D32ADEAAAAAA8E1C39525B5BCBCF08000823E150A83C1E8FFAF5809D3B77D6D4D4F090008018241C0A55474787C4DB2BAFBCF2D65B6F51BA018847C221BFDC4BC074E5AD5BB7B6B6B6E67884000A050907CD5480FD26606969C9E7F32DC69185F2915A6799C0030023120EDA84B34D026C7E76EEEAB9F3FD1F749C786B4FC79BBB5593B79F9C39EB9EB9393F3FEFF57AEFDEBDABD28E9C03900C120E1A84B34D82EDF4DBF5B54F3CF5C3DFFDC3E73EFB1F4D9B7CF4E6DFFCA324DFE4F8B8C7E391B493A823E700AC888443AEA96C9394922A6DE3835F3626D9E63FFB8BCAAF7FC3FED433D2E485BC35269FACDCBAAD7A666A3A3EE7741F13807C44C221A754BC8D7F3CF8CA57BEA672EB85DFFFA3DD4FAEBBF8F65EEFD0D0D2E8684C938517F6EC9315C25157FAE53FFFB8F3F4CD9B3725E7BC5EEFE2E2222107C0140987DC51F1F6D191561557CF7FEE3F35FCCBBFBAFB3E8A0FB6F826AB4961279BA86AEFC4DEFD535353B3B3B352CC1172004C9170C89170BCA994921A6EFCA423996C33B6B18E9352C3A9746CDFB3776262C2ED761372004C9170C805156FFD1F74A8787BF36FFED1744E3299261B563DFA4D157252C91172001221E19075E16B6F3FFAFC1725992ABFFE8DC59191F4E24D35D97CEB238FA96B78174E741272004C9170C83A891CAFD7AB66174B1EFAD3DB1F7F6C9A5B53DDE73ACAB74A79B7FD91C754B33FF5CCD9AA1AD395A593922F7E457578657070727272767656F6E2F3F94838000A0987EC5205DCB1ADDB258D7EF03B7F607AED4DE24AC22CD1F37052F949F2C56F255D4987B2C2DB2F6D72B95C5353531E8FE7EEDDBB94710014120ED9A51EEB56F393EFFEF0A7F14135DAD6A13E5DBE496D175FFC353FFB829AABBC74E182F474F3A6FFDB4FD44372BA8F1B807E241CB248157027DEDAA37268EE62FFC2D5ABC6E67ABF35997853EDB5AF7C2D6673E9503D7870F0D52DC3C3C3131313B3B3B394710014120E592431231555E5D7BF2121647FEA1929C262DA6BA1E7BE936C520546F570F9E3DD4FAEF33F7BF0DFBF7EF9F265631947C20120E190456A8A523D2170D1BECFDDDBEBEEED09FCDBEBEEE939B6B134A578534DCA3ED936D84F4FEFC5B7F7AA27077ABBCF4A19373939E9F178D44D95BA8F1E8066241CB24862E6933367D5B7904C9D3C19D38C5F4A997C935A30A61F75BFC9913DF62B8383E3E3E3E1894ADD470F4033120E59B4B4B474667F93C4CFE63FFB8B1BAD47FDED68AB6A67AB6AD28837F5FDCB63EFBDE7EF24D4A1FA8ACB065BA571A25276ADFBE8016846C2215BD445B88E3777AB3B21AF1D3A646CEFFEF0A7E9259CB498AED475BEB75FDA74F1E24597CBC5A538000A09876C9180595C5C6CAFDE25F153FBC4539FECDB676CF67FF8E7B413EE7485CDD895C4A74AB80B172E0C0F0F4F4D4DA9EF3721E1802247C2215B6212CEB9678FB1AD32E18C5DC5245CF86613120E2872241CB2C59870558F7E33A686530F6BA7D762BA0ACF529270008C4838648B4AB8F09D263117CF5673A7494C57EA1B2F0FBEBA8584036044C2215B54C27DDC79FAB9C0D302FE1B20D5DD8FA196E6D302FFF0CFC11B320337524AB7E1A70548380046241CB245259C7BE6A67AE25B8AB698E7D8D27BE25B8A366327AA16945D74B4B773A7090023120ED9A29E1690B051BFE5B6FBC975EE1EFFB790FCBBE1DF8AC00463F2ADF9D91702DF66D213FA7A949EDA279E7A2EF08BE1A74F9FE669010046241CB268696949C2A6755BF573816F5E9EEEEA8EF95ECAE1C34792FFE6E56D5FFDCBDB97A336970ED5372FEF7AE12549389EF8066044C2218B7EF39BDFDCBD7B77727C5CE24D72A8E15FFE35E6C701D4CF0BA8DF325DBEF94BC0BE8F62B655BF2A279DB7B5B69E3B77CEE974F2AD5D00C2483864914AB8F9D9B983AF6E792EF00BA8A36D1DA6BF80BACCC303927FA6BFF42D5DA97B4C6A9EF95729E08CB799907000EE9370C8AAF0A5B8A94F3F55F7F4973CF4A7B72FC7FE906938E73ACAB74A59B6FD91C75493D8BBB0679FF9CA973F5695DFC607BFDCD1DE2E051CBF9E03200609872C52BF802A15D5ECECECC75D67D55CE5D6471E5B1C1931CDAD249B6CBEF96B7FA9E6278FECB1AB7B4CF8055400314838649784CDE2E2A2D455525D9DD9DFA49E1CA8FCFA37A4624B2FDE64437573A674D560AB94785357E0C2051C3F0E074021E1905DE132CEE3F14C4D4D9DD8BB5F855CC917BF327ED2916ABCC926EA3971156F9D9D9D6A7ED2E57249E7E12B70147000EE9370C8017535CEEBF5CECECE4E4E4E4AC8A9E9CA1FFCCE1FEC7E725DA2CB72316DEE62BFACAC6E2D91CD8DF1A66E3091CE65175C81031046C221EB5419A7E62ADD6EF7C4C4C485139D250FFDA9BA55F287BFFB87B54F3C7561CFBE85AB57E3834D16CA47B2827AEE4D157F47F6D88DF1261D4AB7E1F949120E8042C22117E243EECAE0E0C157B7181FF7960C2BFDF29F6F7DE431A9D5A4C90B791B0E3655BAED7AE1A58EF676F56C00F1066079241C722426E42627274746462E5DB8D060AB943053D38FA64D3EDAFCB5BF7CFBA54D6DADADEABE928B172F3A9D4ED95C3A21DE002442C221778C21373B3B3B3535353A3A2A759854633D5DDD6D7BF71FDA5E2D49166EF2F6C81EBB2ADA6405956DAA74930D6573E9847803900809879C0A879CD7EBF5783C376FDE943A4CE5DC95C14149AF8B01170CD412F9485650D9269BC886B2B97442BC0148848443AEA990F3F97CFE2FF49A9F0FE7DCF8F8B8A4D7C8C888CBE51A3690B7B2503E921554B6A9D24D36974E883700899070D0E05E404CCE496EDDBA754B026C2A603240BD9685F291AC20ABC5641BF1062011120EDA18736E717151459DE231082F94156435B20D409248386816CE39B1B4B4A4D22E862C948FD43A641B80249170C82FF712D03D2E0085E7FF03519443A9AB7C89AA0000000049454E44AE426082, '30001', 'qingjia.png');
INSERT INTO `jbpm4_lob` VALUES ('30027', '0', 0x3C3F786D6C2076657273696F6E3D22312E302220656E636F64696E673D225554462D38223F3E0A0A3C70726F63657373206E616D653D2271696E676A69612220786D6C6E733D22687474703A2F2F6A62706D2E6F72672F342E342F6A70646C223E0D0A2020203C737461727420673D223138302C35342C34382C343822206E616D653D22737461727431223E0D0A2020202020203C7472616E736974696F6E20673D222D36392C2D323222206E616D653D22746F20E68F90E4BAA4E794B3E8AFB72220746F3D22E68F90E4BAA4E794B3E8AFB7222F3E0D0A2020203C2F73746172743E0D0A2020203C656E6420673D223139372C3431352C34382C343822206E616D653D22656E6431222F3E0D0A2020203C7461736B2061737369676E65653D22237B6170706C69636174696F6E2E6170706C6963616E742E6C6F67696E4E616D657D2220673D223230302C3132372C39322C353222206E616D653D22E68F90E4BAA4E794B3E8AFB7223E0D0A2020202020203C7472616E736974696F6E20673D222D39332C2D323222206E616D653D22746F20E983A8E997A8E7BB8FE79086E5AEA1E689B92220746F3D22E983A8E997A8E7BB8FE79086E5AEA1E689B9222F3E0D0A2020203C2F7461736B3E0D0A2020203C7461736B2061737369676E65653D226C732220673D223231302C3231312C39322C353222206E616D653D22E983A8E997A8E7BB8FE79086E5AEA1E689B9223E0D0A2020202020203C7472616E736974696F6E20673D222D38312C2D323222206E616D653D22746F20E680BBE7BB8FE79086E5AEA1E689B92220746F3D22E680BBE7BB8FE79086E5AEA1E689B9222F3E0D0A2020203C2F7461736B3E0D0A2020203C7461736B20673D223233312C3333332C39322C353222206E616D653D22E680BBE7BB8FE79086E5AEA1E689B9222061737369676E65653D227777223E0D0A2020202020203C7472616E736974696F6E20673D222D35302C2D323222206E616D653D22746F20656E64312220746F3D22656E6431222F3E0D0A2020203C2F7461736B3E0D0A3C2F70726F636573733E, '30026', 'qingjia.jpdl.xml');
INSERT INTO `jbpm4_lob` VALUES ('30028', '0', 0x89504E470D0A1A0A0000000D494844520000057F0000028B080200000021146C200000405649444154789CECDD7D709DF561E0FB9DE99FFC0793995EBAD309D9E9CC0DBDD9D2B9733364A6BBD79D6687EDCCBD4DD9B44D9BBDDDA4A505EF161A486392A62128B6830588AD09020B908321C216C6460E284176EC185BB665E337C02FB2B18C6C0B45B1245B2BC9B22C4B16F777F44847473A476FB61E3D47479FCFFCC63E3AE7793BE7BFE73BBFE779FECD270000000071FA37491F0000000050E0D407000000205EEA03000000102FF5010000008897FA00000000C44B7D00000000E2A53E00000000F1521F0000008078A90F00000040BCD407000000205EEA03000000102FF5010000008897FA00000000C44B7D00000000E2A53E00000000F1521F0000008078A90F00000040BCD407000000205EEA03000000102FF5010000008897FA00000000C44B7D00000000E2A53E00000000F1521F0000008078A90F00000040BCD407000000205EEA03000000102FF5010000008897FA00000000C44B7D00000000E2A53E00000000F1521F0000008078A90F00000040BCD407000000205EEA03000000102FF5010000008897FA00000000C44B7D00000000E2A53E00000000F1521F0000008078A90F00000040BCD407000000205EEA03000000102FF5010000008897FA00000000C44B7D00000000E2A53E00000000F1521F0000008078A90F00000040BCD407000000205EEA03000000102FF5010000008897FA00000000C44B7D00000000E2A53E00000000F1521F0000008078A90F00000040BCD407000000205EEA03B3697070F0DA90818181FE09848FA265C2C2491F2F00000073417D607644DDA1BFBFBFAFAFAFB7B7B7A7A7E7D2A54BDD59C29BE1A3B040582C2CAC410000002C04EA03372ADD1DAE5CB972E9D2A5B7EA4A7FF8D25FFDF7C7FECFBFFACE6FFF976F7EEA4F1FBC258CF022FC19DE0C1FBDB9A7F4C2850B9D9D9D61E1B08A0601000050F0D407AE5F6677E8EAEE2CDD70FFDF2FFDF77FB1E4D6FFB1E2FF7AE227FF6DE3CE92438D6FFFEA527D18E145F833BC193E0A0B84C5C2C2BF3EDFD2D1D1A141000000143CF581EB14A587AB57AF5EBE7CB96273D1BDCB7EEF6F1EBDFDE9D7EE3B797E4FC7C0B9494658202C16160EABFC6473516B6B6B676767D848D894000100005090D407AE47941EFAFAFA7A7A7A96FFF82FBEFACF9F5E5979EFE4D1217B8455C28A61F5E6E6E68B172F864D850D0A1000000085477D60C6D2E9A1A5BDF1E11FFDA7FB1FBFB3F6F86B334D0FD1082B86D5C3463E6C3CD2DEDEDEDDDD2D40000000141EF5819949A787EEEEEE877FF49FBEF3CC5DE77B3FBCBEF4108DB07AD848D8D4D9B367DBDADA0408000080C2A33E3033D1BD1E7A7A7A96ADFEF3FB1FBFF306D3433A40844D850D9E3D7BB6BDBD3D6C3CBA0744D2DF15000080D9A13E3003838383FDFDFD972F5F7EB9E67B5FFDE74F5FF70517392FC1081B5CF3F6F7CE9D3B77F1E2C5B08BB023D31F0000000A83FAC00C5CBB76EDCA952B1DFFEBC2DF2FFBBDE9DE66B27F0637A10C9B3D5E7FB4B9B9B9B3B333ECC8F407000080C2A03E305DD1C4874B972EAD5C7FDFDF3CFAD9F6BED3ED7D1FB55D3D1D467BF8B7EFA3D49F7DA917A9D757A3113EFA68E89DD4C26195B6F0E7D56881D48AA9F7AF8EBC79F5A3B0D9B0F1868686D6D6D6B023D31F0000000A83FAC0740D4F7CE8E8F8BB1FFC1F4FADBBA7E572FDAF3246F8B3A567E8DFE8CF9EA1F7A3777A4EB45C3ED132B2D8E8F297879749FF19361B367EE4C891A6A6A6B023D31F0000000A83FAC0B4A4273EACDFFEC49F2FB9F5C0999F9FE93C3C34DE0BFF9E8D5E77A55E44AFCF761D1E5EA0EBBD689933A977DE3B9B1AA30BA717383BB4CA81C69F858DAFDBB6E2D4A953A63F000000140CF58169899EB2D9D9D959F4E2DDF7FDF0F74FB6EF3979A1EEC368B4EF89C6C9F6F03A7AA7EE646A0CBD7961E8F5D09243FFEE197A7FE8CFF4A7D19FE1A30B7BC2C61F7DF1EEA3478F7EFCF1C76177D1D33793FEF6000000DC10F58169B976ED5A6F6FEF850BA9FB4D16BD78F7915FFFF248CBD0F8F52F3F1819436F6E0B6F7ED0F2CBE1057EBDED48F47EF4A26568B1A10552AB8CBC3832BAFA2F1F7DF1EEB08B83070F36363686DD859DAA0F000000F39DFAC0B40C0C0CF4F4F4B4B5B57DE5DBFFB6ECAD6F1E68FAF981A69F0DFD9B1A07A317E7D26F867F7F7670E89D83E175F4FEB96899F45A23EF64BC19160E1B0FBBD8B76F5F434343D85DD869D875D2DF1E0000801BA23E302DD14D1FCE9F3F7FF7439F7A63EFFFDCF3D11B7B1AABF67C5455D7383A52EF34BE51D7F846F462CFF09B6F84858716883E8AFE8CC6F062E925C39B61E36117BB77EF3E79F264D85D74EB87A4BF3D00000037447D605AFAFBFBBBBBBB5B5A5AFEF4C15BB61E7F7967C36B61D40EFD3BFCE254F4E7FAA13FD7D79E5A3FF6D3F07EEA9DE8CDDA53E9D5D70FFF995A3EB5C0B6632F875DD4D6D6D6D7D787DD859DAA0F000000F39DFAC0B464D6875F1CFDF13B1FAE7BE7C3B52363DD983F4FA5FEDCF1E1DA1DA7D6462FDE39B536F567F4E6F0F2239F9E5A9BB99DB0CC96A32F855DECDCB9537D0000002818EA03D392AE0F773FF4A9F5BB8B53D5E0D4BAE194702A6A0A6B779C8A32C4BA91EEB02EFA347A3D9C1E4672C38E913031BCCCF0BA6B5FDB551C76B173E7CEE3C78FAB0F00000085417D605AD2F5E12B0FFFDB67AAFE21BA68A2B6217D3DC5F07513D165173B1B462FBB482FB07374B16881F4782DE3C56B61E36117EA0300004021511F9896747DF8BBA59FFB97B2FF27F366937567C6DC7B32F73B93BF9F31C2C6C32E5C790100005048D407A6255D1F1E29FB7FFF7ED9BF4F3F6B337ADCE6C1F44337D3AF3F1E7DFFE0F8C5DE3E981A3F1F3F8656091B0FBB70D74900008042A23E302DE9276EFE644BD19F7FEB7FDB7162DD915F6F3FF2EB5F668EA319FF8E7CBAFD687A8196EDA3ABB40C8DF4EBF0FED03B3BEBD7858DAF79FBFB9EB80900005048D407A6656060A0A7A7A7ADADADA1A1E16F8B7EB7F827FFDF87ED751F5E1819EDC3E3E4858C37333FCDFA335AF264C647E19DB0D9B0F1B7DF7E7BDFBE7D6147617761A761D7497F7B0000006E88FAC0B45CBB76ADB7B7F7C2850B8D8D8D256BFFE6EBDFFFDFCF74BD77B6F3F0D9AEF7CE847F3B0F9FE97C2FF53A3546FE1CFA74F8CDF04E573452EF0CAF987AF15EB485A18DBC17361B36BE75EBD683070F861D85DD859D865D27FDED010000B821EA03D372EDDAB5BEBEBECECECE8F3FFEF8C891F7FF6EE9E74AD6FECDAF2ED7B75CAE4FFFFBABE1D72786FFEC39117DD432BCC08991D727469789DEEC49BD1F361836FB56F59B3B77EE3C7AF468D851D85DD8A9FA00000030DFA90F4CCBE0E06074EB87D6D6D653A74EBDF8D692AFFEF3A7771C59DBD677BAFDEA476D7D1FB58771F574EADFBED36D57A3D7A753FF5E3D3DFC69DF476D434BA65689164E8D8F86C6E91D47D7860DBEF0E692CD9B37BFFBEEBB61176147D14D1FC2AE93FEF6000000DC10F581E9BA76EDDA952B573A3A3A9A9A9A8E1C39F283F22FDFFFF89DE77B3FEC18387783236C246C2A6CF0ADB7DEDAB97367D878D845D851D89D890F00000005407D60BA32A73F3434341C387060C9D37FF49D67EECA1520CECE283D848D844D5555556DDBB62D6C366CDCC40700008042A23E3003D1F487CECECEE6E6E6FAFAFADA77B72E79FA8FEE7FFCCEDAE3AF5DCFAC87FE7361C5B07AD8C84FDF7E6DCB962D7BF7EE0D9B0D1B0FBB30F1010000A060A80FCC4034FDE1F2E5CB172F5E3C77EEDCB163C7F6ECD9B3B4FCCB5FFDE74FAFACBC77A6F521AC12560CABBFF1C61B9B376F0E9B0A1B0C9B0D1B0FBB30F1010000A060A80FCCCCB56BD7AE5EBDDAD3D3D3DEDE7EF6ECD9A3478FEED9B36775F5B7FF7ED9EFFDCDA3B73FFDDA7D27CFEF992037ECAADCB82BBC080B84C5C2C27FBFECFFFED7C71F595355B565CB96B091B0A9B0C1B0D9B0F1B00B131F0000000A86FAB0E09DA85AB5AB3DF5A27DD7AAA2B1AA4E642D9D5AE88DE3A9A76F767777B7B5B59D3D7BF6D8B1637BF7EEDDF6CBAD2B5FBBEFEF967EEE2F96DCFA8FCB972CFDD1DF6DDC5972A8F1ED5F5DAA0F23BC087F16FFE8BBDF5BFEC5FFF62FDF2CCAE547D547C206C366A3A76C9AF80000005030D487052FB33E64E686717F662C5FB46A57EBB5E100D1DEDE7EEEDCB9FAFAFA03070EECDCB973F3E6CDEBB63EB6EC5FFFF97BCBFEE8AFBEF3DBFFE59B9FFAD3076F0923BC087F2EFEE11F2D7DE2FE97B73EB671E3C6B7DE7A6BF3E64D3F2959557DE040583D6C246C4A7A0000002848EA438149CD4DC8190D723A519531CF6182B90F19CB4CA0F24073F3F14D2B275EA0F8F9F53FFDE99B6FBEF9D65B6F555757BF5DB5FAC95C4BAD7FBF477A0000002848EA438199597D4899E9DC8711838383D13D202E5FBEDCD979A6A6B4B4FA68D3A953A78E1E3DBAE3B5FFF9D4DA5FEEDEBDBBB6B67667CD4F4A4A7E5293FA2F95189EAAF8C5BE7DFB0E1E3C18163B75EA60F58F2AF6B5B6767676868D44F77A901E0000000A8FFA505046A7290C1785CC890B13B484547D38912A0D53DCF7614CD788FE8802447F7FFF952BCDBF7CEEB95F7CD4D1DADAFAF1C71FBFF7E6D32B371D3A79F2647DF0EE1BFFFAAF6FEC3B7E3CF57AEB4B2BABB64D384B6255ADF40000005090D4870293D90852E961B8420CFF951D20A2E430BAD4C45B1DBBD870D648BD33D4205A778C4F17199E79BBBE6548DDABCFD49C6C6B6B3BB0AEE8B5C39D972E5DBA72E54A7F7FFFDB6FBFBAFEB9ED931F02000000F397FA506032EAC3D0ED21DB737E34FACEAA5DBB86AEBCC89EF8909E4391CE16438BB7676E7A7493A9CF6A5B53F320FAFAFA9ADF59F5DC2F9B2E5DBAD41D9CDBF6DC73DBCE750F39BCFEB95F9EEBE9E939F27AD68E9E58AD3E000000142AF5A1C04C5E1F72CD7148DFF72163B9896EF8106D7DFC8633361E5D8BD15ABB6AD5CEF3FD915FEF58B56AC7AFA3D7C7368697030303C7DF483DB6337D9D45F8A0F8874F7DD8D676FDDF1B0000803CA63E149849AFBCC8798145D65D2733A741646588A12B2E726C67A2B913E9EB33D2FBDA5555545595FD1C8D7F7DE395CACA59FA11000000C82FEA43A1197B8B8669DE75B23D73BDDC731F32B71BBD1E7F4FCAD12631D11F43EBA5560B87357617A983F87145C5A953A76EECDB030000908FD487052D8A1343F31146EFDF30664AC2D0751663E62F8C5B39D727135CE33166D5D1CB434636D2D2D2525656367B5F0E0000807CA13E90476A6A6AEAEAEA923E0A0000006699FA401EE9EEEE2E2D2DEDEDED4DFA40000000984DEA03F9A5AEAEAEA6A626E9A30000006036A90FE497FEFEFEB2B2B2364FDF0400002820EA0379A7BEBEBED2D3370100000A88FA403EAAF0F44D00008002A23E908F3C7D130000A090A80FE4294FDF0400002818EA0379CAD3370100000A86FA40FEF2F44D000080C2A03E90BF3C7D130000A030A80FE4354FDF0400002800EA03F9CED337010000E63BF5817CE7E99B000000F39DFAC03C103D7DB3B7B777E3C68D959595FDFDFD491F1100000033A03E300F7477779794942C5FBEBCA8A8E8F1C71F771F4A000080F9457D20DFB5B5B53DFDF4D34523CACACADC06020000607E511FC8772B57AE2CCA505E5EBE7FFFFEA40F0A00008019501FC8776D6D6D3FFAD18F962D5B16D587175F7C71EBD6AD491F1400000033A03E300FF4F6F6BEF0C20B2B56AC282A2A7AFAE9A7376CD890F4110100003003EA03F3465555557171F1B265CBCACBCB933E1600000066407D603ED9B76FDFF2E5CB57AC5891F4810000003003EA03F3CCF1E3C7972F5F9EF4510000003003EA03000000102FF5010000008897FA00000000C44B7D00000000E2A53E00000000F1521F0000008078A90F246C70F0939FBD7FEEFB9B0E2C2AA90EE33716BF90E7E3CE159BC2717EA3B2EED5BD0D3D7D0349FF7E000000F380FA40622E5CEAFBF686776F7E684DE241E146C6D75E7AA7E17C57D2BF250000405E531F4846C5DE865B97544427F0772CDBF848D581CD477E15C6C5AE81CBBD9FE4F3888EF3C9CD1FA4676ADCF4C0EAEF6F3A303898F46F0A000090AFD407E65A384BFF46655D74DE7ED7D36F1F3ED3917850B8EE51DFDCF595E7B745DFE54BCF6DB970A92FE95F170000201FA90FCCB5283DDCF4C0EA67B61E4F3C1FCCD66C88E8FA914525D5664000000064531F9853157B1BA2F410CED813AF06B3380E9FE9882E24F9F6867793FE8D010000F28EFAC0DCF9F8624F748AFEC28E9389F782591F3B4E9CBFE981D5E1DB1D3CD39EF42F0D0000905FD407E64E74CDC5979EDD92782988693C527520BAFE22E95F1A000020BFA80FCC919EBE81686AC0BCBECDE4E4E362D74034B9E3D059D31F00000046A90FCC918D071BA3790189378258C7BD3FA90D5FF3D19F1E48FAF7060000C823EA0373647145EAB47C59F5E1C40341ACE3CD43E7C2D7FCFDE51B93FEBD010000F288FAC01C5954521D4ECB0BEC5117D9A3A5A32F7CCD5B975424FD7B030000E411F58139F299EFAE0BA7E5F5CD5D890782B847747B8BA47F6F0000803CA23E3047C209791817BB0612AF03B9C6DE15C57BC7BED3BCF6BE929DEA030000C06C501F9823517D98D9997C6DC9BDEB9A532F3E7AFDDE45638D8F05512F58B4A2768A6D36AC5B3CBCCD5CEF877F17E59273958946F44D93FEBD010000F288FAC01CB9D1FA90991BC6FD99B1FCA2FB5E6FB8AEFA908A17C599EB5EFFDC07F5010000601CF5813932D3FAB0B3383DF3A064E704731F329699406AB1D49C88098DAB15D93B1A32E5940AF50100006012EA0373642EE63EE41ECD6BEF5BBCF6A35C731FC27652F561384F8C9D1361EE030000C0AC511F9823D75B1FF6A62AC014F77D1873C787D4BD1BC67F3A797DC8DCD7F4A648A80F00000033A13E3047665E1FA22909A3E120F7180E13198BD5962C1AF3CEF4AEBC189967B1B378DC75167B57CC243DA80F000000D9D407E6C80CEBC3D0848575434560827B31A4C2412A340C5D1F313A8B61EF8AA83BA4D68A2E9D98FEDC87E1FA7023131FD4070000806CEA0373E486EEFB30321AD62D9EE80690D105173B8BB39F8E39E3FA60EE030000C0EC521F9823B372D7C9546298F039147B57E49EA730FD2B2F5E5FB1A86485B90F000000B34D7D608EDC407D187D2645EEB90F99B77E885ECFFCAE93435D2375A586B90F000000B34E7D608ECCB43E44F75F189A8F309C0332273E2C1A4A0CC3F768C8AE03C3379ECCBE0A636C7D9860BFC3F561E28DA80F00000033A23E3047AE67EEC3FC1CEA030000C038EA0373447D00000058B0D407E6C8AD4B2AC239797D7357E27520EE117DD3A47F6F0000803CA23E3047EE5CB1299C93EF38713EF13A10F7085FF3E687D624FD7B030000E411F58139F2972F6C0BA7E52FEC3899781D8875EC3BDD1EBEE6ED8FAE4FFAF7060000C823EA0373E4D9EDC7C369F9579EDF96782088753C5275207CCDC515B549FFDE00000079447D608E9C6EED0AA7E5373DB0BAB1B527F14610DFB863D9C6F0357FF6C1B9A47F6F0000803CA23E3077BEF4DC967066FE8FEBEA126F04318D57F634842F78EB928ACB7D0349FFD800000079447D60EE1C3CD31E4D7FD877BA3DF15230EBA3A5A32F7ADAC5B3DB8F27FD4B030000E417F58139F5B51FBF13CECF3FF3DD750576FDC5C5AE814525D5E1ABDDB962D3E060D2BF320000409E511F98533D7D03D1A3376F7F74FDE1331D89578359192D1D7D517AB87549C5E9D6AEA47F63000080BCA33E30D71ACE77DDB13C756BC69B1F5AF3CCD6E389B7831B1CEBF73746175C84AF73F06C7BD2BF2E0000403E521F4840CF9581AFBCB02D9CB14793201EA93A30EFEE0451DFDCF5E4E60FA2275C8471C7F28D663D0000004C447D201983839F54BF7FEEF647D74767EFD1882611E4F9C83EE6A77EF1817B3D0000004C427D2049E1A47DE3A1C6C515B5F3A23B648E9B1F5AF3F597DE79756F83876B0200004C497D00000000E2A53E00000000F1521FC8D0BE6B55D1AA5D23CF6D3851559436FC6E786BE8556AC1F1AA4E8C6E65742339F731BA4E5555D676B2D74DAD92DEFAF84F863E18DD6538C2DC8B0200009018F581941C3561D5AE5D2327F223E7F843729FDE67BC9B7E79627C5918ED0AE92D8E2C3C3E2364AD9B3B75A80F000000F381FA50A8269E2F30811355E938307C063FFCDFB4CEEC4FE42C15131E4E667DC839F721E368726E2CAC9DB16AD5AEEC639421000000F286FA50A8665C1F464EEAC7C786EC2A91CB68A918998B503466BAC4B815A79CFB907564B96344E6FEA274B16A5574D0392EE00000002021EA4361AA1A3B9360EC1C83EC8290EB360E43F764A83A31B4E2F01A53D687D1ED0CEF367A2335356174C727320F6ED7C4F77D98F8E28BD183C879E545CEAFF8C927D5D5D5FDFDFD37F0A3020000709DD487429539FB2075463EF66692D39A15917935C5C8CD18A6BCF2626C88183B016174CFD399FB9031E92273EEC3984B3B867347AE2B2FB2AC5CB9B2A3A3631ADF1B00008059A63E14AA8CFA30FE32849C17658C9B69905A614C5118F7C678231F4DF39287ACBB43E4B85DC454731F863F9FF65D27D7AC59D3D8D838E5A101000030EBD4874235797DC82E0463CEDAC7C786E1356670E5456A8FD9F9206B0243EE4B3E4E641C44D6118F9FFB30617D48AD9F79881B366C3872E4C8347F3E0000006691FA50A826BDF222C7F48409EA435555461198DE9517393ECBDADF7075C8F108CE319B9CE97D1FC29E56ADCABC5C24737B353535757575131C2300000031521F0AD6D813FCC9EF3AF9C954575EA49799467DC82A0B63EB437BE61D2833DFCDAE0F339AFB303AE16282276ED6D6D66EDDBA35F7E10300001027F581C8A4575EE45A26FD5646D3188A005127C8794D4551F60D28A65C6878C1ECE91A99F7B51C7BD3CBDC95E5F0E1C39B366DBA9EDF060000801BA33EB050343636AE59B326E9A30000005888D407168A969696B2B2B2A48F0200006021521F5828BABBBB4B4A4A923E0A00008085487D6001292A2A4AFA100000001622F5810564E5CA951D1D1D491F050000C082A33EB080949797373535257D140000000B8EFAC002525959595F5F9FF4510000002C38EA030B487575F5FEFDFB933E0A00008005477D6001D93E24E9A30000005870D4071690FDFBF7575757277D140000000B8EFAC002525F5F5F595999F4510000002C38EA030B48535353797979D247010000B0E0A80F2C201D1D1D2B57AE4CFA28000000161CF58185A5A8A828E9430000005870D4071696929292EEEEEEA48F0200006061511F5858CACACA5A5A5A923E0A00008085457D606159B3664D636363D247010000B0B0A80F2C088F3FFE78D158656565491F140000C042A13EB0206CD9B225333D545454A80F00000073467D6041E8EFEF7FF2C927D3F561DDBA75DBB76F4FFAA0000000160AF58185E2F0E1C3CB962D8BEAC3EAD5ABDDFD01000060CEA80F2C20A5A5A54545458F3DF658717171D2C7020000B080A80F2C201F7FFCF1B265CB7EF8C31F6ED8B021E9630100005840D4071696575F7DB5A8A8E8F0E1C3491F080000C002A23EB0B07477772F5DBA34FC9BF4810000002C20EA03000000102FF5010000008897FA00000000C44B7D00000000E2A53E00000000F1521F0000008078A90FE4B5C1C14F7EF6FEB9EF6F3AB0A8A43A8CDF58FC429E8F3B576C0AC7F98DCABA57F736F4F40D24FDFB010000E405F5813C75E152DFB737BC7BF3436B120F0A3732BEF6D23B0DE7BB92FE2D01000012A63E908F2AF636DCBAA4223A81BF63D9C647AA0E6C3EF2AB302E760D5CEEFD249F47749C4F6EFE203D53E3A607567F7FD381C1C1A47F53000080E4A80FE4977096FE8DCABAE8BCFDAEA7DF3E7CA623F1A070DDA3BEB9EB2BCF6F8BBECB979EDB72E1525FD2BF2E00004032D407F24B941E6E7A60F5335B8F279E0F666B364474FDC8A2926A332000008085497D208F54EC6D88D24338634FBC1ACCE2387CA623BA90E4DB1BDE4DFA370600004880FA40BEF8F8624F748AFEC28E9389F782591F3B4E9CBFE981D5E1DB1D3CD39EF42F0D000030D7D407F24574CDC5979EDD92782988693C527520BAFE22E95F1A000060AEA90FE4859EBE81686AC0BCBECDE4E4E362D74034B9E3D059D31F00008085457D202F6C3CD818CD0B48BC11C43AEEFD496DF89A8FFEF440D2BF370000C09C521FC80B8B2B52A7E5CBAA0F271E08621D6F1E3A17BEE6EF2FDF98F4EF0D000030A7D407F2C2A292EA705A5E608FBAC81E2D1D7DE16BDEBAA422E9DF1B0000604EA90FE485CF7C775D382DAF6FEE4A3C10C43DA2DB5B24FD7B030000CC29F581BC104EC8C3B8D83590781D501F000000669DFA405E88EAC39813F58F5EBF77D1E2B51F0DFFB9B37851DABDEB9A536FD6962CBAEFF586DE4F1AD62D5E345EC9CEE1ED34AFBD6F742359237C3ABACE8AE292ACED64AF9B5A65456DAEAD85032EDE7B79E878468F70E89DCC117DD3A47F6F00008039A53E901732EB438E9A70DFEB6B8B87CFF9C3A7A327FFB94EEF2FF7EE5D91AE0FE9056AC79785E14090510DD20B8FEC62A45C64AD3BCEF0F1A80F00000013501FC80BE3E63EEC2C4E4F3A184E093BA3FA10CEF087E63B8C490C13D687E6B5F7E55A2635AB22E3FDCCFA9073EE436DC968AAC81A51AAC8989A51B236BB3E646408F50100005880D407F242D69517513818BD6E22AA0FD9556292FA90318561D198E912E3569C72EE43566EC81D2332E63E0C4FAFB86F716A83235788A80F0000C082A53E901732EAC3987B31A42714AC48D587BD2BC2CBE1490453D687D1ED0CC782D49487B0FAEBD1FB518FC898B3B078EDBA89EFFB30F1C517A35D23E79517A307AC3E0000000B97FA405EC871D7C9B16367C67D1F86CEEDA773E5C5C87486A83B644C4018EE0E511798CEDC878C8B2F32E73E8CB90945B4979C575EA80F0000C0C2A63E9017C6D687A1390E632720A4EB43EAD3544798467D187BC9C384235D1FC6DECA61CC3253CD7D189E43E1AE93000000B9A80FE485ACFA305A16A27B3D8CD687E11B4FCEE0CA8B5483C8CE07E9309175BF861C17564C73EEC384F5212A26EA030000B040A90FE48569D587E2928C2230BD2B2F725CC1917523C9E12B2646DFBF8EB90F39EA436DC9F05D277B331FD5A13E0000000B91FA405E98C995175326868C8FB2CAC2D8FAD09C7907CAC9AFBC98D1DC87D109179EB8090000A03E90276670E5C5C4F561F40116A953FDA1B210CD38186E10E38D7970E604CB64DF3922E71337A3E210BD3FE61615595324D40700006001521FC80B533EF3A26086FA0000002C40EA0379417D0000002860EA0379E1D62515E19CBCBEB92BF13A10F788BE69D2BF370000C09C521FC80B77AED814CEC9779C389F781D887B84AF79F3436B92FEBD010000E694FA405EF8CB17B685D3F217769C4CBC0EC43AF69D6E0F5FF3F647D727FD7B030000CC29F581BCF0ECF6E3E1B4FC2BCF6F4B3C10C43A1EA93A10BEE6E28ADAA47F6F00008039A53E90174EB77685D3F29B1E58DDD8DA937823886FDCB16C63F89A3FFBE05CD2BF370000C09C521FC8175F7A6E4B3833FFC7757589378298C62B7B1AC217BC7549C5E5BE81A47F6C00008039A53E902F0E9E698FA63FEC3BDD9E782998F5D1D2D1173DEDE2D9EDC793FEA5010000E69AFA401EF9DA8FDF09E7E79FF9EEBA02BBFEE262D7C0A292EAF0D5EE5CB1697030E95F19000060CEA90FE4919EBE81E8D19BB73FBAFEF0998EC4ABC1AC8C968EBE283DDCBAA4E2746B57D2BF3100004002D407F24BC3F9AE3B96A76ECD78F3436B9ED97A3CF176708363FDFEC6E8828BF0750E9E6D4FFAD70500004886FA40DEE9B932F09517B68533F66812C4235507E6DD9D20EA9BBB9EDCFC41F4848B30EE58BED1AC0700006021531FC84783839F54BF7FEEF647D74767EFD1882611E4F9C83EE6A77EF1817B3D0000000B9CFA40FE0A27ED1B0F352EAEA89D17DD2173DCFCD09AAFBFF4CEAB7B1B3C5C130000E013F501000000889BFA00000000C44B7D00000000E2A53E00000000F1521F0000008078A90F00000040BCD40718565D5DDDDFDF9FF4510000001420F50186959797373535257D1400000005487D8061D5D5D5FBF7EF4FFA280000000A90FA00C3EAEAEA6A6A6A923E0A00008002A43EC0B053A74E555454247D1400000005487D8061DDDDDD252525491F0500004001521F60547171716F6F6FD2470100005068D4071855515171EAD4A9A48F020000A0D0A80F30AAA6A6A6AEAE2EE9A30000002834EA038CDABF7F7F757575D2470100005068D40718D5D4D4545E5E9EF451000000141AF50146F5F6F6161717277D1400000085467D803156AE5CD9D1D191F4510000001414F501C6A8ACACACAFAF4FFA280000000A8AFA00636CDDBAB5B6B636E9A30000002828EA03716BDFB5AAEAC4E89F27AA8A32FF8C1658B5AB7D92D58BD2AAAAAA8AC6CB5E37B5CAB87D8C3B96D15D661DCE912347366CD830A36F080000C0E4D407E640FA147F5C8918FBE189F16561B42BA4D71B59787C46C85A779CE1BD4EA33EB4B4B4949595C5F54B0000002C48EA03D337F19C82894C1C0546CA42AE1E91BDABCCFA90734B27AA269F3E11D6CE58B56A57767D1879D1DFDFBF7CF9F2997C49000000A6A03E307DD7551F26680BD1C97FC65C848C05539D60EC6A53CE7D9860FB393E48EF2F4A17AB86761C369BB1425959594B4BCB4CBE2700000093511F98AEAAB1B30DC6CE4398204A4C511F46EFE930BCC9E88DD4D484D18D9EC8DCF1AE89EFFB30F13C8BD143C879E545D6E16FD8B0E1C89123B3F09301000030447D60FA326728A4CEDA47A70B64CF56187D7FF22B2F460A45D41DC6CE5818DDEA74E63E645C7C9139F761CCA51DC3B923D79517196A6B6BB76EDD7A5D3F1100000039A80F4C5F467D187BA9C28417654C75E545D67626DEF30497628CD9D7A4731F863F9FEAAE93417D7D7D6565E59407050000C034A90F4CDFE4F561F28A9073818CA769860FB3F341D60486318FDF1C7761C534E73E4C581F52EB474BB5B5B5959696CEF8E70100006002EA03D337E9951713DEFC31F31693A3D310266915399E5F315C1D723C823373B519DFF721EC69D5AAD18B3B46EA43B07CF9F2FEFEFE69FD2A0000004C457D6006C6468029EE3A399218C6CF7A18BDCFC3689418772388CCE5DB33EF4099F96E767D98D1DC87D1091763EF2811292F2F6F6A6A9AD18F030000C044D4076237FE72893133188AC6368809AFBDC8B5A19C0B0D2F38D1651ED1FB19A961B4A164E68CEAEAEAFDFBF7CFEEEF000000B060A90F90435D5D5D4D4D4DD2470100005020D407C8E1D4A953151515491F0500004081501F2087EEEEEE929292A48F020000A040A80F905B7171716F6F6FD2470100005008D407C8ADA2A2E2D4A953491F0500004021501F20B79A9A9ABABABAA48F020000A010A80F90DBFEFDFBABABAB933E0A00008042A03E406E4D4D4DE5E5E5491F0500004021501F20B7DEDEDEE2E2E2A48F020000A010A80F30A1952B57767474247D14000000F39EFA0013AAACACACAFAF4FFA28000000E63DF50126B475EBD6DADADAA48F02000060DE531F6042478E1CD9B06143D24701000030EFA90F30A1969696B2B2B2A48F02000060DE531F6042FDFDFDCB972F4FFA28000000E63DF50126535656D6D2D292F451000000CC6FEA034C66C3860D478E1C49FA28000000E637F50126535B5BBB75EBD6A48F020000607E531F6032F5F5F5959595491F050000C0FCA63EC064DADADA4A4B4B933E0A000080F94D7D80292C5FBEBCBFBF3FE9A300000098C7D4079842797979535353D247010000308FA90F3085EAEAEAFDFBF7277D14000000F398FA0053A8ABABABA9A949FA28000000E631F501A670EAD4A98A8A8AA48F020000601E531F600ADDDDDD252525491F050000C03CA63EC0D48A8B8B7B7B7B933E0A000080F94A7D80A95554549C3A752AE9A300000098AFD407985A4D4D4D5D5D5DD247010000305FA90F30B5FDFBF7575757277D14000000F395FA00536B6A6A2A2F2F4FFA28000000E62BF501A6D6DBDB5B5C5C9CF451000000CC57EA034CCBCA952B3B3A3A923E0A00008079497D8069A9ACACACAFAF4FFA28000000E625F501A665EBD6ADB5B5B5491F050000C0BCA43EC0B41C397264C3860D491F050000C0BCA43EC0D43A3A3AB66CD9B262C58AB2B2B2279E78A2B2B232E923020000984FD40798C2E38F3F5E94E185175E282B2B4BFAA0000000E613F501A6B077EFDE65CB96A5EBC3BA75EBB66FDF9EF441010000CC27EA034CEDB9E79E4BD787D5AB57373636267D44000000F389FA0053EBEEEE7EECB1C78A8A8A9E78E289E2E2E2A40F070000609E511F605AF6EEDDBB74E9D2A79E7ACA932F000000664A7D80E97AE69967962E5D7AF8F0E1A40F040000609E511F60BABABBBB972E5D1AFE4DFA40000000E619F5010000008897FA00000000C44B7D00000000E2A53E00000000F1521F0000008078A90F00000040BCD4070AD9E0E0273F7BFFDCF7371D5854521DC66F2C7E21CFC79D2B3685E3FC4665DDAB7B1B7AFA0692FEFD0000006687FA4061BA70A9EFDB1BDEBDF9A1358907851B195F7BE99D86F35D49FF96000000374A7DA00055EC6DB875494574027FC7B28D8F541DD87CE457615CEC1AB8DCFB493E8FE8389FDCFC417AA6C64D0FACFEFEA603838349FFA600000037407DA0A084B3F46F54D645E7ED773DFDF6E1331D890785EB1EF5CD5D5F797E5BF45DBEF4DC960B97FA92FE75010000AE93FA404189D2C34D0FAC7E66EBF1C4F3C16CCD8688AE1F5954526D06040000304FA90F148E8ABD0D517A0867EC895783591C87CF744417927C7BC3BB49FFC6000000D7437DA0407C7CB1273A457F61C7C9C47BC1AC8F1D27CEDFF4C0EAF0ED0E9E694FFA970600009831F58102115D73F1A567B7245E0A621A8F541D88AEBF48FA970600009831F58142D0D337104D0D98D7B7999C7C5CEC1A8826771C3A6BFA03000030CFA80F14828D071BA3790189378258C7BD3FA90D5FF3D19F1E48FAF70600009819F58142B0B822755ABEACFA70E28120D6F1E6A173E16BFEFEF28D49FFDE00000033A33E500816955487D3F2027BD445F668E9E80B5FF3D6251549FFDE00000033A33E50083EF3DD75E1B4BCBEB92BF14010F7886E6F91F4EF0D00003033EA0385209C908771B16B20F13AA03E00000064531F2804517D98EAD4BD79ED7D253B47FFDCBB6251E69FD1028BD77E34C9EA8BD25614972C1A2F7BDDD42A2B6A736DEDA3D7EF2DDE1B5E34AC5B7CEFBAE6D43BB5258B86DE997C44DF34E9DF1B00006066D4070AC1F4EA4366711857223E1973FE5F3BBE2C0C07828C6A905EB861DDE2A1BE30522EB2D61D673846A80F0000C042A23E5008A6AE0F13478191B290AB47449920738A44667DC839F7A1B6643455648D2855EC2C4EAF52B236BB3E4C9A21D4070000603E521F2804D3AA0FB94EE9D3530F32A630645C2B914A0C6393C494731F26D8FE24575E0C4790FB16A73618367BDFEB0DE63E00000085457DA010DC707D18BDA7C3702C484D7958B4A8F8F5E8FDA84764CC5958BC76DDC4F77D98789EC568D7C879E5456A8F535C7CA13E000000F391FA4021988D2B2F460A45D41DC64E40487587A80B4C67EE43C6C51799731F46964C5FD031C19517EA0300005070D4070AC18D5F7931E5250FE3AFBCC8D8C2F8A75A4C35F761780E85BB4E0200000B86FA402198F6332F26BA4143C6D334EF7BBD213B1FA4C344D6FD1A725C5831CDB90F13D687BD2B26EE20EA030000301FA90F1482A9EA43541CD2DD61F4D6923B8B174DF2888A9DC5599D62F88A89D1F7AF63EE438EFA505B327CD7C9E823F5010000282CEA038560F2FA309218C6CF7A08EFAFA81D9AC5109DED679585B1F5A139F30E94935F7931A3B90FA3132E3C711300002850EA0385609A575E8CBF5C62748AC1505918D32026BE39E5C4CB64DF3922E71337A3C388DE8F0AC8F00517D95324D4070000A020A80F148299DCF7617E0FF5010000988FD4070A81FA00000090CFD4070AC1AD4B2AC239797D7357E27520EE117DD3A47F6F00008099511F280477AED814CEC9779C389F781D887B84AF79F3436B92FEBD01000066467DA010FCE50BDBC269F90B3B4E265E07621DFB4EB787AF79FBA3EB93FEBD01000066467DA0103CBBFD78382DFFCAF3DB120F04B18E47AA0E84AFB9B8A236E9DF1B00006066D4070AC1E9D6AE705A7ED303AB1B5B7B126F04F18D3B966D0C5FF3671F9C4BFAF70600009819F58102F1A5E7B68433F37F5C579778238869BCB2A7217CC15B97545CEE1B48FAC70600009819F5810271F04C7B34FD61DFE9F6C44BC1AC8F968EBEE86917CF6E3F9EF42F0D00003063EA0385E36B3F7E279C9F7FE6BBEB0AECFA8B8B5D038B4AAAC357BB73C5A6C1C1A47F6500008099531F281C3D7D03D1A3376F7F74FDE1331D89578359192D1D7D517AB87549C5E9D6AEA47F63000080EBA13E50501ACE77DDB13C756BC69B1F5AF3CCD6E389B7831B1CEBF73746175C84AF73F06C7BD2BF2E0000C075521F28343D5706BEF2C2B670C61E4D8278A4EAC0BCBB13447D73D7939B3F889E7011C61DCB379AF5000000CC6BEA03056870F093EAF7CFDDFEE8FAE8EC3D1AD124823C1FD9C7FCD42F3E70AF07000060BE531F2858E1A47DE3A1C6C515B5F3A23B648E9B1F5AF3F597DE79756F83876B02000085417D00000000E2A53E00000000F1521F0000008078A90F00000040BCD407E6A1135545AB76B5277D140000004C93FAC03C34AE3E843F8B8AAA4E2478400000004C467D6016B5EF5A35271560B43EA4F658B4AAAAEA06F6DBDFDF5F5D5D3D8B47070000C038EA03B368EEEBC32CECB7A6A6A6AEAE6E568E0B0000809CD407664DEAFA87C8701A3831FACE8471607499919E30941676558D7D73DCD68A66AB3E343636AE59B3E67AD604000060DAD4076651660548C582D14490FA2BBB0F64CE6148AF9B711787D47BD10263D61FBBE94FAEBB3EF4F6F6969696767777CF784D00000066427D6016655480E95C1C317636C3C88486714922EBBD696E7C1A2A2B2BEBEBEB67BC1A00000033A43E308B26AF0F590FC9CCFDE0CC39AA0F870F1FDEB469D3CCD6010000E0BAA80FCCA249AFBCC81D1A32AFA7885EE6AA0F63968C9E737143F5A1A3A3A3B4B4B4BFBF7F06EB00000070BDD40766D3501898C95D278757C85C22677D187B7BCA5D639FB85934E56EC62B2F2F6F6A6ABAA1AF0A0000C0B4A90F2C38DB87247D140000000B88FAC0C2D2D4D4545E5E9EF4510000002C2CEA030B487F7F7F696969474747D207020000B0B0A80F2C209B366D3A7CF870D247010000B0E0A80F2C14F5F5F5959595491F050000C042A43EB020747777979696F6F6F6267D200000000B91FAC082B066CD9AC6C6C6A48F0200006081521F287C757575353535491F050000C0C2A53E50E0DADADACACACAFAFBFB933E10000080854B7DA090F5F7F7979595B5B5B5257D200000000B9AFA4021ABA9A9A9ABAB4BFA28000000163AF58182D5D8D8B866CD9AA48F02000000F58102D5DBDB5B5A5ADADDDD9DF481000000A03E50A02A2B2BEBEBEB933E0A00000052D4070AD0E1C387376DDA94F451000000304C7DA0D07474749496967AC426000040FE501F2834E5E5E54D4D4D491F05000000A3D4070ACAF621491F0500000063A80F148EA6A6A6F2F2F2A48F02000080F1D407E6B7DEDEDE679F7DB6A5A5A5BFBFBFB4B4B4A3A323E923020000603CF581F9ADB6B6B6A8A8E8B1C71E7BFEF9E70F1F3E9CF4E10000009083FAC0FC5656565634E4073FF8C19A356B7A7B7B933E22000000C6531F98DF962D5B16D587E5CB97AF1992F411010000309EFAC03C76F6ECD9283D949696BEF5D65BE5E5E56D6D6D491F14000000E3A90FCC63AFBDF6DA0F7EF08355AB56959595D5D6D6267D38000000E4A63E308F3DF3CC33CB972F7FF1C5174D79000000C867EA03F965700239175EB162454D4DCD1C1F2100000033A53E90B0282E5C1B323030D0DFDF7F354B78337C142D33498C000000203FA90F2426DD1DFAFBFB7B3ABB4EBF7BF0C82FB6BFF3E2CBDB9F7F291AE1CF0FF7ECEB68BFD0D3D3D3DBDB7BE5CA95A8446810000000F38BFA4002D2DDA1A7B36BF72BEBCABF7ACFB77EEBB30FDE725BCE113E7AFECFFEFA9D175F3EDFDCDCDDDDDDD3D373E5CA150D020000601E511F986B5177B872E5CAF6E75F7AE4F6CF675686C7FFC37F5EF9C75FAEB8E7FE30C28BF0676695080BD73CBDAABDB52DBB4124FD9D000000988CFAC09C8AD243F3B1133FFCC217A3A6F0F06FFFEE4B5FBFEFFD575EED3D756AE0DCB97123BC79E8E5B56181748658F6F93F3CB673F7850B17BABBBB7B7B7BAF5EBD2A40000000E439F581B913A587F7DEAA8952C2439FFA7795FFF04F1D87DFCB8E0ED9232C5671CFFD61956896C43BAFBED6DADADAD9D9D9D3D32340000000E439F58139924E0F5141F8E117BED8BCA3763ADD2173346DDFB1ECF37F18958B6D2FBFDAD2D2D2D1D12140000000E439F581B910A58723BFD81EA587E7FFECAF735E67319D11562CFDD25F4601E29D575F1320000000F29FFA40ECD2F77AF8CEA73FF7E02DB7ADFCE32F5F3D73E6FAD24334C2EA4FDD757774CF8843EFEC1420000000F29CFA40EC0607077B7B7BA32B268AEEF8834BC78EE56C0AAD7BDFDDBEE2A9E7FFECAF9FB9EBEE6854DC73FFBED2B29C0B878D147DEE0BD1064F9E3871FEFCF9CECECEB097FEFE7EF501000020DFA80FC42B9AF8B0F9A9671EBCE5B66FFEE6EFE4BCD7C3A563C72AEEB93FFD64CD71E33B9FFEDCF6154F65AF15361536181678E57B4B1B1B1B5B5B5BBBBBBBAF5CB962FA03000040BE511F88D7B56BD77A3ABBA26B2EDEFCD6BF644784735BB7479F4E3E9EFFB3BFCE9E3451F58D87A3EB2F3E3874286CE9C2850B3D3D3DFDFDFD61A7497F6F00000046A90FC4289AF8F0CE8B2F478DA0EBFD237DA74F678EC69FD74C273D44E3892F7C71DCEA6183D1C33B5F7FECC9868686969696CECE4ED31F000000F28DFA408C060707FBFBFB57FEF1971FBCE5B68A7BEEBF74ECD8B8F1C417BE38CDF4108D37BFF52F63B670F4D84B5FBF2FF5FCCEFFF8C7478F1ECD9CFEA03E000000E40FF5811845975D444FD97CBF626DC781031D07F60FFD7BA063FFFECD8F2C9B517A8846E3CF6BC2BAC3DBD97FE0FD575E8D9EBE7960EFBE868686F3E7CF777777470FBF48FADB030000304C7D2046D7AE5DFB70CFBE076FB9ED5BBFF5D9D61D3BC68D476EFFFC75D4878A7BEE1FB79DE8DE936FBD5C71F2C489E6E6E6F4C517497F7B00000086A90FC468606060CF6B1B1FBCE5B6C7FFC37FFEB8E6EDD478BB261AFB4ACBAE233D84F1C8ED9F6FFAD9CF521B19D9E00F872EDFA82C599979F145D875D2DF1E00008061EA0371896EFAB0FDF997A227567CF4C61B99E3CD6FFDCBF5D58730C66D2ABAAFC42BDF5BFAFEFBEF373636BAF503000040BE511F884B38F9BF7AF5EAB655AB1FBCE5B6F2AFDEF3E1DAB599A3E2BFFEED75D787DDC525999B7AFECFFE3AAA0F870E1D6A6868686D6DEDE9E909BB561F000000F284FA405CC6D587FA975FCE1C37581F323735AE3EA46F3CA93E000000E409F581B864D687D22FFDE5B8B90F55DF78F8BAEBC3B84DA5AFBC501F000000F293FA405CA2FA90BEEBE4B89B35DCC85D27C76D6AD9E7FF30BCFFFA634FAA0F000000F9497D202E517D38B673F783434FDC4C3DA8227A4AC5C8B8CE276EFED7BF1D7E70C6D0032FC266D34FDC541F000000F293FA405CA2FAD0D17EE1A14FFDBB076FB96D5F6959EB8E1D9963F323CBAEEF8117991B89E650845D6CDFB6CD5D27010000F293FA405CA2276EF6F4F43C75D7DD0FDE72DB4B5FBFAF63FF8130FE57C6BFC543174D4C7F547DE3E18E03FB87C681E845F957EF09EFFFF00B5FDCBD7BB7276E020000E427F581180D0C0CF4F4F4D43CBDEAC15B6E7BF8B77FB7AD6EEFA563C73247C3A6B7BEF3E9CF4D333D3CFD477F72E9E898D5C306BFF55B9F0D1FAD7EF87BBB77EF3E7AF4E8B973E7A2FA10769DF4B70700006098FA408CAE5DBB76E5CA95F3CDCD0FFFF6EF3E78CB6D95FFF04F7DA74F8F1B8D3FAF29FADC17A64C0FA9A91387DF1BB76EC53DF7475D636B4DCDBBEFBE5B5F5FDFDCDCDCD9D919761A769DF4B70700006098FA408CA2FAD0D3D9F5FA634F3E78CB6DDFFCCDDF39B775FBC0B973E3C6A563C726790067D1E7BEB0AFB42C7BADB0A9E87E9365F7FFD3EEDDBB336F39A93E000000E415F58118A56FFDD0FAEB5F47CFC52CBAE30F2E1D3D969D12A206B17DC55315F7DCFFCC5D7747A3EA1B0F1F7A796DEE858F1E8B664C3C72FBE7B76FDBF6EEBBEF665E76E1A60F00000079457D2046838383D1F487CECECE6375FBA2EB2F9EBAEBEEAB67CEE46C0AD31C61F5C7BFF827D135176FBD5C11DD6FB2A1A1A1A5A5257DD985FA000000903FD407E275EDDAB5AB57AFF6F4F45CB87061CF6B1BA3A76FAEFCE32F5F3A967B06C49423AC183D44236CAAB264E5EEDDBBA33B3EA4273E84DDB9EC02000020AFA80FC42B3DFDA1BBBBBBB5B5F59D575F8B0244D1E7BED0BCA376A6E921ACF2C8ED9F4FA7879D3B7746D75C343636868DA7EFF860E2030000405E511F885D74F787DEDEDECECECEF3E7CFBFF3EA6BD12518DFFCCDDF79E9EBF74D741B8871A3EBFD2361E1E8369361F5CCF410DD6C326C3CECC21D1F000000F290FA40ECA2E90FD1F5171D1D1D2D2D2D87DED95974C71F448FB4F8D66F7DB6FCABF71C7A796DDFE9D3D9D121BC193E0A0B84C5D28FC078EBE58ACCF4103618369BBEE6427D000000C837EA0373213B409C3C71E2F5C79EFCCEA73F977EB2E6B77EEBB3CB3EFF874FDD75F74B5FBF2F8CF022FC998E0ED19487D50F7F6FFBB66DD1F335A507000080F9427D608E8C0B10E7CF9F3F73E6CC07870E5596AC7CEAAEBBA34B2A728EF0D1E35FFC9357BEB7746B4D4D748FC9F7DF7FBFBEBE3EAC1E36223D000000E43FF581B99319203A3B3B5B5B5BCF9D3BD7D0D070F4E8D1FD757BB7BEFADA1BCFAC7AE57B4BD323FCF9D6CB15D16487B040D41DA2290F61C5B07AD888F400000090FFD407E6543A40F4F6F67677775FB870E1FCF9F351833879E2C4D1A347DF1F722843F44EF8282C107587B04A5831AC1E36223D000000E43FF581B9160588FEFEFE2B57AEF4F4F4A41B447373F3B973E7CE9C39D3D8D8D89021FC19DE0C1F8505A2EE104D7908AB878D480F000000F94F7D20018343C63588CECECE8B172F5EB870A175C8F921D1EBF066F8282C10161BD71DA407000080FCA73E9098CC0671F5EAD5284344BA33A4DF0C0B84C5740700008079477D2061E906110C0C0C4425629CF066F8285A46770000009877D407F2CBE004923E2E000000AE9FFA00000000C44B7D00000000E2A53E00000000F1521F0000008078A90F00000040BCD407000000205EEA03000000102FF5010000008897FA00000000C44B7D00000000E2A53E00000000F1521F0000008078A90F00000040BCD407000000205EEA03000000102FF5010000008897FA00000000C44B7D00000000E2A53E00000000F1521F0000008078A90F00000040BCD407000000205EEA03000000102FF5010000008897FA00000000C44B7D00000000E2A53E00000000F1521F0000008078A90F00000040BCD407000000205EEA03000000102FF5010000008897FA00000000C44B7D00000000E2A53E00000000F1521F0000008078A90F00000040BCD407000000205EEA03000000102FF5010000008897FA00000000C44B7D00000000E2A53E00000000F1521F0000008078A90F00000040BCD407000000205EEA03000000102FF5010000008897FA00000000C44B7D00000000E2A53E00000000F1521F0000008078A90F00000040BCD407000000205EEA03000000102FF5010000008897FA00000000C44B7D00000000E2A53E00000000F1521F0000008078A90F00000040BCD407000000205EEA03000000102FF5010000008897FA00000000C44B7D00000000E2A53E00000000F1521F0000008078A90F00000040BCD407000000205EEA03000000102FF5010000008897FA00000000C44B7D00000000E2A53E00000000F1521F0000008078A90F00000040BCD407000000205EEA03000000102FF5010000008897FA00000000C44B7D00000000E2A53E00000000F1521F0000008078A90F00000040BCD407000000205EEA03000000102FF5010000008897FA00000000C44B7D00000000E2A53E00000000F1521F0000008078A90F0000C0FFDF8E1D0B000000000CF2B71EC5BEC208E0651F00000080977D000000005EF60100000078D907000000E0651F00000080977D000000005EF60100000078D907000000E0651F00000080977D000000005EF60100000078D907000000E0651F00000080977D000000005EF60100000078D907000000E0651F00000080977D000000005EF60100000078D907000000E0651F00000080977D000000005EF60100000078D907000000E0651F00000080977D000000005EF60100000078D907000000E0651F00000080977D000000005EF60100000078D907000000E0651F00000080977D000000005EF60100000078D907000000E0651F00000080977D000000005EF60100000078D907000000E0651F00000080977D000000005EF60100000078D907000000E0651F00000080977D000000005EF60100000078D907000000E0651F00000080977D000000005EF60100000078D907000000E0651F00000080977D000000005EF60100000078D907000000E0651F00000080977D000000005EF60100000078D907000000E0651F00000080977D000000005EF60100000078D907000000E0651F00000080977D000000005EF60100000078D907000000E0651F00000080977D000000005EF60100000078D907000000E0651F00000080977D000000005EF60100000078D907000000E0651F00000080977D000000005EF60100000078D907000000E0651F00000080977D000000005EF60100000078D907000000E0651F00000080977D000000005EF60100000078D907000000E0651F00000080977D000000005EF60100000078D907000000E0651F00000080977D000000005EF601000000780538E8B0CCBF4956AA0000000049454E44AE426082, '30026', 'qingjia.png');
INSERT INTO `jbpm4_lob` VALUES ('50010', '0', 0x89504E470D0A1A0A0000000D494844520000025C000001C4080200000063A36354000036BF49444154789CEDDD6D705BD77DE7F1CEF465DEB993995DB7D3C966A7335BB7699DE96CC6996D77D46976DCCCECD675D3D689BB4D9CBAB1B4AD53C7491427A915D3266D52361553126DD23265511624523229D2161D5132644A842C5222255AA2245026254AA419880F124A4214C5078BFB07CE2570015C902009E01C00DFCF9C61818BFB84AB4E7EFE9F7B2ECE6FCC03008090DFD07D0200009882500400C0422802006021140100B0108A000058084500002C8422000016421100000BA108008085500400C0422802006021140100B0108A000058084500002C8422000016421100000BA108008085500400C0422802006021140100B0108A000058084500002C8422000016421100000BA108008085500400C0422802006021140100B0108A5889BB77EF7E16323737379B807CA4D69195759F2F00248550C4F2A83894CC9B9E9E9E9A9A9A9C9CBC75EB56208E2C948F6405594D56261A0164054211C90AC7E19D3B7724F30EB495BFB8E35BFFEFA53FF9D64F7FF76F7EF8F9BFFEC16F499317F25616CA47EF9D28BF71E3C6F8F8B8AC2C9B108D00CC47286269F6389C088C97D73DF9BD17FEE8EFD7DFFB2FC5FFFDE55DDFAE6F2D3DD37FF0D7B7BCD2E485BC9585F291AC20ABC9CAD7877D7EBF9F6804603E42114B508938333373FBF66DD7A182270AFFF8BBCFDDB779EFDA4BC327FC73038B34594156939565935D870A464646A46A949DC8AEC84500662214B1189588D3D3D3939393456FFDFDA33FFB4259ED138B67617C934D6443D97C6868E8E6CD9BB22BD921B908C0408422120A27A26FACFF275BFED7931B1FF05CDCBBDC44544D3694CD65279FF4778F8D8D050201721180810845380B27A2049884D94FB73E383CF5C9CA125135D95C7622BBBA76EDDAE8E828B908C04084229CA9FB8893939385DBFF4E8ABC55266238176557B243C945A91765E7EAFEA2EEEF0A001642110EA47A9B9D9DBD7DFBF6CEE6671FFDD91756DC6BEAD88F2A3BAC3EF8ECC0C0C0CD9B37E51072208A4500862014E140AAB73B77EEF8FFE3C6F70AFF38D99135B3CB187723BBBDE83D3F3434343E3E2E07A2580460084211B1549978EBD6ADB27D6BBFFBDCEF8F4D5F1E9BBE323A7359DA98FC9DBE127C3B1D7C117C3DA39A7C7425B424B8B26C322A6F67D40AC10D83CB671616CE5C91DDCACEFBFAFA464646E440148B000C412822965526FAFDFFFCFC1F6EAA79DC77DBFB6B5B93B7BEC9D05FF57632B45C2D99ECF1DDEEF12DAC1659FFB6B54EF8ADEC5676DEDDDD3D38382807A258046008421151C265E2BE9697FF6EFDBD9D577F7575BC2BD43E96BFD7D4EB89E00BF5FADA4497B5C2C4C76A9DABC1251F5F0BB6C8CAE115AE8536E9EC7F5F765E73A4B8B7B79762118039084544518F618C8F8F17BCF9F0DA17BF7C69ECC4A51B6D9FA8367642B54B63F25A2D69BB146CA1853742AF436B86FE9E082D0FBD0D7FAADECA47374EC8CE9F7BF3E1F3E7CF7FFAE9A77238F57886EE6F0F20DF118A8822C934353575E34670888DE462F7F50FBB7DA176FDC3730B2DB4F0882C3CE7FBD05AE1FA916EB55CBDF085560BAD10DC64E1457764F30F2511E510A74F9FEEEFEF97C3C941094500DA118A88323737373939393A3AFAC833BF5379E0879D83BFEA1C7C3FF437D84EAB1703E185F2F7FDD3A125A7E5B55A3EA0D6096FB5B0C4B65056969DCB214E9E3CD9D7D727879383CAA1757F7B00F98E5044147543717878F8E1A73FBFBFFD9727AEEC3FD1DF70E24A435B7FA40597F4EF6FEBDFAF5E9CB016EE9795432BA88FD45BD5ACD5C26BCA42D9B91CE2A38F3EBA74E9921C4EDD56D4FDED01E43B4211512499028180CFE7FBEB1FFC96FBE2CED6BEBDD23CA1BFD68B5EF5765FE8ED3E4FEFBEE84F657970895AE8E90D6FBECF7A1B5C3FB8C2910B3BE5101E8FC7EBF5CAE1E4A0842200ED084544B187E207E7DF3AFA49CDD14FF62CB49AA8B7BDC1B7C73ED973AC778F7A71B4774FF0AD5A68ADBFF069EF1EFB7E649DC3E777C8215A5B5B094500E6201411251C8A0F3FFDF97D1F9504C3ACB7C64AB85E157592732A1D6B16E2B0467DAA5E5B89B89082C716F2D25AC7DA76CFDEE325720809C58B172F128A000C4128224A38141FF9C9EF6C6DF857D5F3E9E90B778A5A9D9FAAEFB4B52FD2771A5EA135B29A5A21DCF6DA5EEC959DCB2108450046211411251C8AFFFCC297FEBDF27FDBC7D7B45D8D1A6EE3BC64F1E5B6263B9743D07D0AC0288422A284437143E5FFF95EE11F851FC650CF639C0E3F95117EFD6964F9E9D8D50E9E0EB65FC5B6D026B2733904036D001885504494F02319BB0E17FCDD8FFFF3B19E9AEEEB2D0B0FE65BEDBCEDEFC2A72DE7C32BF85A229B2C3CF8BFF08C7F8B5AD2EAAD919D571FFC058F6400300AA18828E187F7FBFAFAFEA9E00F4A76FD5FEB17DDAC5F7AB35AE4B7DF6E447F1AF7D6FAE137DB47B244762B3B3F78F0200FEF03300AA18828E19F79EBEFEF2FDDF3DDC77EF1DFAE4EA85FF10EFF20F8C7C1D7C1B6F036F4A9B550FD2078B00597581B4E847E1F5C7D1ADCC9C7B25BD9B9DBEDE667DE001885504494F00F827FFAE9A7DDDD67FFF9852F497A85A782F245CD21D5B33027544F784EA8D0929E85D79199A4AC85A119A66487B2DB034DEFB5B6B6F283E0008C4228224A78EAA8919191DEDEDE370FAC7FF4675F38D6BD27344BF01535C370704AE185998443AF2F8FD9E61F0ECD486C9B7078467D6ACD457CECFC1ED9E1B6F7D61F3A74E8D4A9534C1D05C0288422628527191E1C1CECEEEE7EBEEA1B4F6E7C6078EA13FFDCC02A9BEC4476253B3C70E08094894C320CC034842262D98BC5BEBEBECECECEF59BFFE2A75B1F74CAC56BCB4A44D989ECAAA1A1E1C89123B25BD939652200A3108A70A08AC5F1F1F1A1A121AFD7EB39E596309322CF7371EF52E177BCB6FE78F492EE0F2A76EDBFB85736979DBC7B70EFE1C387DBDBDB65B7B273390465220073108AF9A1A7A1E2F858F0C5D8F18A82680D3D716B0757AABF307BFBF6ED9B376F0E0C0C5CB870E1C489132F547DE3D19F7DA1ACF6099576575AB7BCD6DA1D9F8B6AB9FC2D70F2F25B8DB22BD9A1EC56762E87A04C04600E42313FD843D19E82316F6DEB175478AECFCC4C4E4E8E8D8D5DBB76EDFCF9F31266DB9B9EF95EE11F7FF7B9FB36EF5DDBD1BCC9311483A5617DD395B9814BC32764B5EF3EF73F7EF4FCBAAD079E696868901A517622BB921DCA6E65E7333333948900CC412866A36025E798658E24E0225561824AD1B64E02BB3C172EB4EFDE947885D7F75FBCE53DD37FB0BEB5F4E55DDFFE9797BEFD33A7B5DE3A7C4112717474341008A8C730281301988350CC46CB0BC5A0E5568A211257EAB145093029EC0606BAF7BFFA6AEDD1CED6D6D643870EEDDCF1FCF3AF7E7BDD8B7FF2AD9FFEEEDFFCF81B3FDDF037DFFAC11FFECB2F82C9F76CE15F146EFFFB1AF74BF5F5F5070EEC7BEBE5F2FAD6D6CECE4EAFD73B303020BB221101988950CC3E91A2CE0A3A7B999720E282A1D8130CC025EE2946C56DF0CDFE1E958B939393376F5E797FCB96C6337DDDDDDDA74E9D6ADE55FACA8E03070F1E6C6A6A3AB06FDBC68DDBF6BD1BF4DEDB9B376EDBF5E6C60405E56B1FC8AE484400662214B3913DBA82896885A3F52E3E17551246D64ABCD7E8D5ACB4ADF08C7C36333373FBF6A7EED712779F96EE6A6E0DA9AF90971F7DF4D17BDB0ADE7CFFF4F9F3E77B7B7B07070747464EEE7DCDFDE9EDDBEA3E228908C040846236B2856270448C3DECE27B566549C5F1E3A1EED3F832315C7186D334B4FA987DD7A182F1E2679FCDCE5E3F5A51F1E1C02DBFDF3F323272E1FD2D9BDFFBB8AFAFEFD2A54BDE53FB5F7D75FFC98B415EF78E57F79F92852D3BE30F74F4FAEC2C8908C0588462365A3C149D2AC2F03D45DB7A896E26AABDC7EE38788B71D4535171ECFAEC9D3B776EDDBA75D5FD5AF9E1E00417C3C3C33EEFC1AD5B0F06E745146DBBE5A52C3CB5A7A0A6F3C6F8F8B8AC2C9BCCCE5ED8FAF276A91457FBED01206D08C56CB468F7A9632F69DC401B7BD118978EA16E5387FD24AA34435E3F321008E9DAF7FA9123FB0AF6EDDB17B7CEA6DD0DCDCD29BC1000905A8462568ABEFD97E4409B31FB76CE95A27DBFEA75EC301CEB9077EFDE1D91B2D133323737372BAE1F0BD590D6CB82E0A3FFB317EB43BDAE91CED29EFA8A6365E5E57EBF3FD5D70300528350CC7D2A3383F71517322EB6E20B7596DA52366E63A74F1274D4466D1AE9E35DD889D7EBADADAD4DDD9703805422149169555555838383BACF02001C108AC8349FCF575959A9FB2C00C001A1080D6A6B6BBD5EAFEEB3008058842234080402656565B3B3B3BA4F0400A2108AD0A3B9B9B9ADAD4DF75900401442117A489928C5A2948CBA4F04002208456823956233CFF2033009A1089D2A2B2B7D3E9FEEB300000BA1089D78961F8051084568E672B97A7B7B759F050004118AD08C67F901988350847E4D4D4D1D1D1DBACF02000845188067F90118825084113C1E8FDBED9E9A9AAAAFAFAFADAD252001684128C20892821B376E2C2A2A2A28289017A3A3A3BACF08403E2214A19F44E0E6CD9BC3D33B565656321E1580168422F42B2B2BB3CF795C5555C5B81B005A108AD04F2AC52D5BB6141616AA507CF3CD37DD6EB7EE9302908F084518616A6A6ADBB66DC5C5C5128A5238D6D5D5E93E2300F9885084411A1A1A4A4A4AA464946251F7B900C8478422CC72F2E4C9A2A2222919759F08807C4428C238172F5E945CD47D1600F211A108008085500400C0422802006021140100B0108A000058084500002C842232E1EEDDF9F7CF0EFCA2B1734D6993B4DF5CB7CDF0F64071A39CE753B56DBBDBFB26A7E7745F3F0019422822BD6EDC9A7EA6EED43D4F576BCFB9D5B4EFEC38DA373CA1FB5A02483B421169E46AEFBB77BD4BE5CAFD85F51B1A3A0F75FF5ADACD89B9DB53F32637759EAF1C3A17AE6B3FF7FDED52E94AC90B2087118A480B098FA76ADB549C3CB8F960D755BFF69C5B71F30E4D3CF2C611F55D1E7AFDB0D4BEBAAF2E8074211491162A11A5BADAEABEA83DD552553BAA4E60A91DA917815C452822F55CED7D2A112548B487590A9BD4BBAA37F899BA53BAAF3180B4201491629FDE9C54C9B1EDD825ED3196F276AC6758C25EBEDDE9AB63BAAF3480D423149162AAE3F4A1D70E6B0FB034B50D0D9DAA1355F79506907A84225269727A4E1552593DB266F17673624E95C267AE512C02B98650442AD59FEE575594F6E84A6B7B629747BEE673EF76EABEDE00528C50442AAD7305D3A2B0A94B7B6EA5B5BD776640BEE6978BEA755F6F002946282295D4A3EE3936E834BEF9FCD3F235EF5DEFD27DBD01A418A18854FAE2CF6B242DBC4313DA732BDD4DDD3AD57DBD01A418A18854523FFB62EAAFB8B51797B4472F19DAB3B6B4955004B08050442AA9505C5EC0784A9FA8190ABEB8F2CE136BA2C566988AB135C59E25F6D957B3CEDAA7D372F9BBC689E326899AFAA6BAAF3780142314914AAB0D457B0AC6BCB5ADBF66ED3B7D2B0AC560A696D8B75D79A5482802398950442A2D37145B4BC2755A696B824AD1B64E02C1D58215644231211A7FA090250B504211C879842252291395A27393505CB7E78A53A528FB0986A2959AD115249522802884225269A5A1D81E0CA725EE2946DD4D0CDE178CFD74F150B41F2BB982925004F20FA188545A7E28AA022E9267CECDCA4BDB6A9ED235514B92EB3E5DA84A5B4B623A4BDB8B979388842290AB0845A4D232433154DED584822AC17DBE609E05F32FD4C919A9F9DA8B551C06B752FD9FC9578A5628AEA64C2414815C4528229556754F71A149A4251AF3A27A4D25D2E206972E3B14A91401C42314914A291968637F8E302E1DA54674ACEA92EF3E7DA7784D6931952200278422526915A118191DEA5C29DA6F2BAAD7CB1F68138ADB60772B952200478422526965CF2986AA372BA5627F6E26D459EA5CC959636D1C7E8926F1C3FB91E35AA1987827842290870845A4D24A2AC5EC6C842290930845A412A10820AB118A48A57BD7BBF264EA28F54D755F6F0029462822951E286E94A838D633AC3DB4D2DDE46BDEF374B5EEEB0D20C50845A4D237B71D91B4D876EC92F6D04A6B3B79794CBEE67DCFEDD37DBD01A418A188547AADE5A2A4C5236F1CD19E5B696D1B1A3AE56BAE7379745F6F0029462822952E8F4C485A7CEEFBDBFB4726B54757FADAFD85F5F235DF3F37A0FB7A034831421129F6D0EB872530FEADA64D7B74A5A9BD7DA24FBEE0BDEB5DB7A7E7745F6C0029462822C54E5F1D53C5E2C9CB63DA032CE5CDE79F56E34E5F6BB9A8FB4A03483D4211A9F79DB78E4A6C7CF1E73539D6897A73626E4D69937CB5078A1BEFDED57D9501A401A188D49B9C9E53CF66DCF7DCBEAEAB7EED6196922635A24A44A9142F8F4CE8BEC600D28250445AF40D4FDC5F54AF1EE6DBEABEA83DD256D9F675F4AB5E53F93AA7AF8DE9BEBA00D2855044BA4CDE997B24F4D8A22A1937347466DD5D46EFD0C42B87CEA9B1A6D224E6A91181DC4628228DEEDE9D6F3A3B2089A8424535557219DEE2CF79D307E7B88F08E43C4211692759527FA67F9DCB931571686FF73C5DFDD88EA3BBDBFB78FA02C8138422000016421100000BA198E5C68E5714541C5F180ED9D35010662D9545A157C1156335F444F612D989E33122DB3434C4ED277EDBE026E1BDC77E12FA2072483943E7550120D308C56CE5107215C78F2FE4CB42F48438A78E6D69F8654F6CE045E22EBCC7859563D32D6E5BE704261401188C503447E2EA2A819E86706659C162FD9FA402A7C73140139E8E3D141D2B45DBD938EE4CB6B66DDA703CFE1C494700BA118AE65876282E644D6C06C687A59348802E546E0551C565CC864B568A7167E69C91F6E3A944ADA85027EDD00B0B009945289AA221BAEE8AAEC8E283CDE91661E87E5F434F68436B8B254331B21FEBB06A41B0908B1CB8C77E72C713DF534CDC831A3909C7EE53C7AFE8A4B1B131E92B0A00CB46289AC35EAB0583227AFC4C52A161EF125DB8D1B764F769743E46976B9123275329DA4A547BA518D53F6BA5B053F7E9527C3E5F656565326B02C0CA108AE6B085626C5FA263CF6A4C5D16DC202AE86216C45AF828C97ECBB83B8F0EB72297AA14ADCF573AD0A6252499350160650845732C1E8AF1C1151526B119686DB18CEED3E011E3532DAEDC73EEB7EDB19D44DC19C7568A094331B8FD2217A8BABABABFBF7F91150060950845732CDA7DEA50CC2508C585E70817CAC024BA4F1D3E8B3B9E15860ECF6844ED72B9F714E5481515F63EDF0467343F353555525292E85300480942D120D1B9B3F8409BF9A5BA4FC3EB24118A7181171D8A63F64137F6A5F1A1B8AC4A31529E26F14846575717A36C00A41BA198BD16ED3E755A27BCC816B5A16C52F1E5D8315A107F7373C995AC159D7FE76661DDE8713E8B85BF228928B998ECB50180152114911D4A4A4AA6A6A6749F05801C4728220BF4F7F7575757EB3E0B00B98F504416E0610C00994128220B545656FA7C3EDD670120F7118A305D2010282D2DD57D1600F202A108D3F13006808C211461BADADA5AAFD7ABFB2C00E4054211469B9D9D2D2D2DE5610C00994128C2683C8C012093084518ADB9B9B9ADAD4DF75900C81784228C565E5E3E3A3AAAFB2C00E40B4211E6F2FBFD656565BACF02401E211461AE8E8E8EA6A626DD6701208F108A3097CBE5EAEDEDD57D1600F208A10843CDCECE969494C85FDD2702208F108A3094D4885229EA3E0B00F985508459B66CD9B26BD7AE6BD7AE353535757474E83E1D00F9855084598A8A8A0A429E7FFEF91D3B76483AEA3E23007984508459366DDA5460535C5C5C5555A5FBA400E40B42116679E38D37C289585E5EBE7BF76E7E0D1C40C6108A304B4D4D8D4AC4975E7AA9A9A9C9E3F1E83E230079845084593EF8E003158A6EB7BBAEAE4EF7E900C82F8422CCD2DDDD2D89B865CB96EAEA6A1E520490618422CCE2F7FB9F7FFEF9CD9B37070201DDE70220EF108A304E5151D1E5CB97759F05807C442802006021140100B0108A000058084500002C8422000016421100000BA18884EEDE9D7FFFECC02F1A3BD7943649FBCD75DB0C6F0F1437CA793E55DBB6BBBD6F727A4EF7F503907D084538B8716BFA99BA53F73C5DAD3DE756D3BEB3E368DFF084EE6B09209B108A88E56AEFBB77BD4BE5CAFD85F51B1A3A0F75FF5ADACD89B9DB53F32637759EAF1C3A17AE6B3FF7FDED52E94AC90B00C920141121E1F1546D9B8A9307371FECBAEAD79E732B6EDEA18947DE38A2BECB43AF1F96DA57F7D5059005084544A84494EA6AABFBA2F6544B55EDA83A81A576A45E04B024421116577B9F4A440912ED6196C226F5AEEA0D7EA6EE94EE6B0CC0748422823EBD39A99263DBB14BDA632CE5ED58CFB084BD7CBBD357C7745F690046231411A43A4E1F7AEDB0F6004B53DBD0D0A93A51755F6900462314313F393DA70AA9AC1E59B378BB3931A74AE133D728160124442862BEFE74BFAAA2B447575ADB13BB3CF2359F7BB753F7F506602E4211F3EB5CC1B4286CEAD29E5B696DEF9D1990AFF9E5A27ADDD71B80B90845CCAB47DD736CD0697CF3F9A7E56BDEBBDEA5FB7A033017A188F92FFEBC46D2C23B34A13DB7D2DDD4AD53DDD71B80B90845CCAB9F7D31FF57DC084500E94628C20AC5A8FCB8F2CE136BD6EDB962BD6D2D5913F644CD5070A1A774CDDA77FAA6E6FB6AD6AD8955DA6AED6768CFDAC84EE29A7C1AD9A6B8A4346E3FF1DB063729F638ED4D4EB8A4FD76E87C2267185A626FEA9BEABEDE00CC4528222A141D426EED3B7B4AAC28924F2399E4943AB7A7DA8BC3A1185EC1131B78566ED9C22CBCF2C2211602356EDB18D6F9108A00528150446CA5D85A122ED1AC846B55A128C113AA0EA3922F61284AAA39AD13AC416DCBEDA1E858297A4A23091AD75482DA0AD9D23DF1A1684B474211C0E20845C4779FAA3C8B747EAA508C0FCB4542D156F0AD892A2E63365CB2528C4B41E78CB4558A5631BA765D70870BDDBC84228064108AB08762D47DBE70F9551C0C4549BB350B25D792A118D98F9561C10251367F472D573169ABF0D6EDA9497C4F31710F6A246E1DBB4F23274C2802480AA108A78136D1ADD5764F311439C9749F2E147F2A0E6DE59A15872AAE92A9146D3DA8F64A31EA06A73A8A63F729A10820698422624231541146976BE1500C7E1A8CB7244231BADF32610B8762F46DC2A87596AA14AD8A93813600568D50447C2846024FDD478C84A235D66619DDA7C1688C4FB5705EC6DD0B74E81D4DB2524C188A2AC80945004B2314915C282E3C4718CAA1E4BA4F1DBA61E3C6CE58DD9E91E52BA8141D425172540DB499B20F9A2514012C8150C4B2BA4F974C3EDB477181171D8A43F641378B779F2EAB528C94A73C9201609908452CA7FB3471284686920613281478AA3EB3A23156D4931509D689BF2BE9F848860A42B53CEAF6675C41492802581CA188A5479FE64C2314012C8E5004A10800164211F3F7AE77E5C9D451EA9BEABEDE00CC452862FE81E246898A633DC3DA432BDD4DBEE63D4F57EBBEDE00CC452862FE9BDB8E485A6C3B76497B68A5B59DBC3C265FF3BEE7F6E9BEDE00CC452862FEB5968B92168FBC71447B6EA5B56D68E894AFB9CEE5D17DBD01988B50C4FCE59109498BCF7D7F7BFFC8A4F6E84A5FBBBFB05EBEE6FBE706745F6F00E6221411F4D0EB872530FEADA64D7B74A5A9BD7DA24FBEE0BDEB5DB7A7E7745F6C00E622141174FAEA982A164F5E1ED31E60296F3EFFB41A77FA5ACB45DD571A80D1084558BEF3D651898D2FFEBC26C73A516F4ECCAD296D92AFF64071E3DDBBBAAF3200B3118AB04C4ECFA96733EE7B6E5FD755BFF6304B49931A5125A2548A974726745F6300A6231411D1373C717F51BD7A986FABFBA2F6485B65DBD7D1AF7A4DE5EB9CBE36A6FBEA02C8028422A24CDE997B24F4D8A22A1937347466DD5D46EFD0C42B87CEA9B1A6D224E6A9110124895044ACBB77E79BCE0E4822AA50514D955C86B7F873DEF4C139EE2302481EA108679225F567FAD7B93C591187F676CFD3D58FED38BABBBD8FA72F002C17A108008085500400C0422802006021140100B0108A000058084500002C8422746A6A6A9A9D9DD575F4C6C6C6DEDE5E5D4707602042113A959595F9FD7E5D479743BB42349E0300A3108AD0A9BCBC7C747454EF3948B128A7D1D2D2A2B16605600842113A555757F7F7F7EB3E8B798943094589467A53813C4728422797CB654E0ED19B0A8050844E8D8D8D5D5D5DBACF220ABDA9403E2314A19381A1384F6F2A90C70845E8D412A2FB2C9CD19B0AE42142113A991C8A8AEA4DF5783CF4A602F98050844E5D5D5D8D8D8DBACF620912876EB7BBB2B292DE5420E7118AD0292B4251191D1D75B95CB5B5B5814040F7B900481742113A49ED2549A3FB2C96C1EBF5969595D19B0AE42A42113AF5F7F7575757EB3E8BE5A13715C8618422741A1D1D2D2F2F4FF341C68E5734F444DEF63414D8DFAA152A8E8F2DB279415843434341ACD7E3B60D6E12738C9873891C32FE7400E843284227BFDF5F565696FEE38493272620A33FEC890DBC485486B75B58592DF07A4F951416EE6AF6CC5EA88F0BCB28D6510945C06C8422749A9A9A2A2929497AF5C415582271391717784E31197F287B28C6ED69C7017765594959E3E945CE5BB6B66DDA703C3E144947C0008422349388487ADD15856282C8539964ABDC6C2B06E32B7AB3049562784F6A6C6A5D5D9D1A9B9AB043D67E3C95A815A103CB6E17E9C1059029842234934A51EAC564D68C145A91222BB67B32D612A118B95F68ED522D081672919DF6D80F7CDCA152B4D22C71551A3905C7EED3C4A70F20C3084568B69C7986EDF55C304C22C5557C6D1759BE78F7E94270AA388C2ED7227B5DAA52541FC92B0978B7DB5DF672D1E6F73E0E9F74542826EA3E05600042119A2D679E615B28C6F63726E8595DAAFB34D97ECBB83B8F0EB72297AA14ADCF196803188C508466CB996778F1505C3CDC1C57B03D6E211FC6A75A788BB87B810EBDA3A14AD17EB0EEEE6E89FCE65DA54B749FDAB64FEE3A00481742119A2D679EE145BB4F1D3251458F7D544DA4685B24426DE9663F7281E3331AF6CD12558A2FFDB2DC0AFE985094235554447A680945403742119A2D6B4AC5E86C5A62A0CD42F2C5D688917B8891AC8CB9C9685F7FCC3EE8C6BE343E14632AC5F0EB3DA746A5200E8E4D1D38125571AAF29447320063108AD0ACA9A9A9A3A323AD8788EDF38CAAF70AA2A3316107AAD38E1C57B2568CAF44DBEA5E95754B7735CF47256024DAC944403B42119A993FA5620AA9B1A9E5E5E5838383BACF05800342119AE555282AA3A3A35555558D8D8DCC420598865084665934A5626AC9179792B1ADAD4DF78900882014A159DE86E27CA837B5B9B9B9B2B292DE54C010842234CBC6291553CBE7F3D19B0A188250846684A2426F2A600242119A65649EE1EC406F2AA01DA108CD3235CF70D6A03715D088508466B3B3B3454545BACFC238AA3735DD3F6B002006A108FD0A9631CF701E999A9A6A6A6A92AA91DE5420630845E897FC3CC3794812517251D2914B046400A108FD9633CF709EEAE8E890AB446F2A906E8422F4ABACACF4F97CBACFC274F4A60219402842BFE5CC339CEFE84D05D28A50847ECB99671841F4A60269422842BF65CD330C85DE54201D0845E8978179867315BDA9406A118AD02F0FA7544C2DF94F8AF2F272AA6D60F50845E8E7F178DC6EB7EEB3C86E8140A0B1B151AA46C6F102AB412842BF7C9E5231B50607072B2B2B9B9B9BE94D05568650847E84626AB5B5B5D19B0AAC0CA108FD985231E5E84D05568650847E84629AD09B0A2C17A108FD985231ADE84D05924728423F4231DDC2BDA9A3A3A3BACF05301AA108FD98673833060707A56474BBDDF4A60289108A3002F30C678CC7E39168ECEEEED67D228089084518A1B4B4341008E83E8B7C2197BAAEAEAEBABA9ADE542006A1082330CF70E6F5F7F7D39B0AC420146104E619D685DE54C08E508411986758237A538130421146A8ADADF57ABDBACF22AFD19B0ACC138A3004F30C1B82DE54E4394211E9D4D35050717C2C89159967D81CAA37D5E572D19B8A3C4428229D624251DE161434F438ACC83CC3A6E9EDEDADACAC74BBDDB3B3B3BACF05C81C42313F8D1DAF700EA7148B8462F08805150D0D098ECB3CC3069238947F97B2B232FBEDDEBEBEBEB7DF7E9BFB8EC85584627ECA7C282E715CA65434562010A8ADAD55BDA97EBFBFB0B0B0A8A8A8BEBE5EF77901694128E6A36027A66225564F6449C2AC8CACB31073A1C43BDE10BD30666F054986627777775D5D5DEABE2252ACB7B7B7A2A2E2A5975E52FFAABFFCE52F6589EE9302528F50CC4FF6700A665824B982EFE263CB5EF185B7B5DD210C2E532B446D1FBDEBF94542912915CD27FF40F6FFDA915CA41315B98750CC4FB6704AA68733BAF65B28FF6292326E59923B0F21140DF7E1871FC6FCFF80548D74A222F7108AF969F1508C7B8AC2F9C98A548622532A1AAEB2B2B2B4B454FEEED8B1A3BCBC7CF3E6CD928BC5C5C53D3D19B8350D640EA1989F16ED3E75CE3F7BA7A87AE9148A516BAA11A784622E907F20A9E6BBBABA5A5A5A1A1B1BA5AC7FF5D55755BDA8FBD480542214F35428AF9633D0C6DAC0BE866328468FC8391EFD4846C16287614A4500DA118A3005A108403B4211A6609E6100DA118A3005F30C03D08E508429AAAAAA060707759F0580BC4628C214CC330C403B4211A6609EE15C75F7EEFCFB67077ED1D8B9A6B449DA6FAEDB66787BA0B851CEF3A9DAB6DDED7D93D373BAAF1F328A508429986738F7DCB835FD4CDDA97B9EAED69E73AB69DFD971B46F7842F7B54486108A30457373735B5B9BEEB340CAB8DAFBEE5DEF52B9727F61FD8686CE43DDBF96767362EEF6D4BCC94D9DE72B87CE85EBDACF7D7FBB54BA52F222E7118A3005F30CE70C098FA76ADB549C3CB8F960D755BFF69C5B71F30E4D3CF2C611F55D1E7AFDB0D4BEBAAF2ED28B50842998673867A84494EA6AABFBA2F6544B55EDA83A81A576A45ECC6D84224CC13CC3B9C1D5DEA7125182447B98A5B049BDAB7A839FA93BA5FB1A238D08459882798673C0A7372755726C3B76497B8CA5BC1DEB1996B0976F77FA6ADC6FE62357108A3005532AE600D571FAD06B87B507589ADA86864ED589AAFB4A235D084598627070B0AAAA4AF75960E526A7E7542195D5236B166F3727E654297CE61AC5626E2214610AA654CC76F5A7FB5515A53DBAD2DA9ED8E591AFF9DCBB9DBAAF37D28250842908C56CB7CE154C8BC2A62EEDB995D6F6DE9901F99A5F2EAAD77DBD911684220CC2948A594D3DEA9E63834EE39BCF3F2D5FF3DEF52EDDD71B694128C220846256FBE2CF6B242DBC4313DA732BDD4DDD3AD57DBD911684220CC2948A594DFDEC8BF9BFE24628621184220C42286635158A4B25CAD09EB5A5AD91B7EDC56BEC6FD50AEBF65C5964F33561C525A56B62C56F1BDCA4D8E3B4B72BEF3C51D22E2FFA6AD63D5133145CE2295D135AB27853DF54F7F5465A108A3008F30C67B5E442D11E843101391F154B9ED8C0B372CB1666E19525D542B1B710A871DBC6B0329250441C421106619EE1ACB6742826CEAA85C0738A49955EF682D21E8A8E95A2A73492A0714D25686B497893D23DF1A1B8683A128A398C508441EAEAEABABBBB759F055628A950744A9A70A1662BF86C1D9EC1E48B4ECA252BC504FB5FA4FBD4CAE6B5EB823B94DDAE7DA78F4A312F118A3008F30C67B5558762E47EA19561C10271CD9A9277D4721593B60A6FDD9E9AC4F7141357A591B875EC3E0D1E71891E54423187118A3008F30C67B554749F2E04A78AC3E8722D18872AAE92A9146D3DA8F64A7161CD70AF6C82EE5342315F118A3008F30C67B5D5779F2ED96F19DB7D6ADB43ECF8D2A52A45ABE264A00DA2118A30889489522CEA3E0BAC50D2A34F13DDFCB33D6E21D1189F6AE1BC8CBB17E8D03B9A64A5983014DB8B13C733A198C3084518847986B3DA52A1A882301C8791D13452B42D3258B4B5242E3EAD6ECFC8F215548A0EA12839AA06DAA88F08C5BC4428C220CC339CD5160FC585E48BAD1165B9A454B0E65321141778D1A138641F74B378F7E9B22AC54879CA2319F98D508441986738AB25D97D1ADBE71929C8428117158D89C7E3245E27FEAEA4E32319EA34D47215CC56AF697C414928E613421106619EE1ACB69C7B8AD9DD08C51C4628C2204CA998D50845E400421106090402A5A5A5BACF022B74EF7A579E4C1DA5BEA9EEEB8DB420146116A654CC5E0F14374A541CEB19D61E5AE96EF235EF799A9BDFB98950845908C5ECF5CD6D47242DB61DBBA43DB4D2DA4E5E1E93AF79DF73FB745F6FA405A108B330A562F67AADE5A2A4C5236F1CD19E5B696D1B1A3AE56BAE7379745F6FA405A108B3108AD9EBF2C884A4C5E7BEBFBD7F64527B74A5AFDD5F582F5FF3FD7303BAAF37D282508459985231AB3DF4FA61098C7FAB69D31E5D696A6F9FE8932F78EF7AD7EDE939DD171B694128C22C8462563B7D754C158B272F8F690FB094379F7F5A8D3B7DADE5A2EE2B8D7421146116E619CE76DF79EBA8C4C6177F5E93639DA83727E6D69436C9577BA0B8F1EE5DDD5719694328C22CCC339CED26A7E7D4B319F73DB7AFEBAA5F7B98A5A4498DA812512AC5CB2313BAAF31D288508459DC6EB7C7C3B8BEECD6373C717F51BD7A986FABFBA2F6485B65DBD7D1AF7A4DE5EB9CBE36A6FBEA22BD08459885798673C3E49DB947428F2DAA9271434367D6DD65F40E4DBC72E89C1A6B2A4D629E1A311F108A300BF30CE78CBB77E79BCE0E4822AA50514D955C86B7F873DEF4C139EE23E609421166619EE11C2359527FA67F9DCB931571686FF73C5DFDD88EA3BBDBFB78FA22AF108A308BD7EBADADADD57D1648C8E7F351CA2387118A300BF30C1BABB7B757FE690A42789614B98A5084599867D8405D5D5D9595952A0E4B4A4ADC6E772010D07D52405A108A300BF30C9B637676B6ADAD4DFE39541C969696CADBA9A929DDE705A411A108B330CFB009E45FA1A5A5458A421587E5E5E5FCA202F204A108E330A5A24652A9373535151515A938ACAEAEEEEDEDD57D5240E6108A308EFC2FF2ECECACEEB3C83B838383757575050BE4B5CFE7D37D5240A6118A300E532A6698D7EB0D0F2B95FF22914A91EB8FBC4528C238B9138A3D0D0515C74DFEADCCAEAEAEF2F2F2F0B0D2969616869522CF118A304EEE4CA918138AF2B6A0A0A147E30959A6A6A6DADADA4A4B4B551CCA7F85C85BBAAC81794211064A7F288E1DAFC8483845423178C4828A8686CC1C37312904DD6E77785869656525C34A013B4211C649FF948A990FC5CC1ED789DFEF970BCBB052607184228C93EE506C088FB0B412AB27B224616645D65988B950E21D6F885E18B3B7021342717070B0B6B69661A5403208451827FDF30CDBC329986191E40ABE8B8F2D7BC517DED6768730B84CAD10B57DF4AEE7331F8A0C2B05968B508471D23FCFB02D9C92E9E18CAEFD16CABF98A48C5B96E4CED38361A5C0CA108A304E474787D434E93CC2E2A118F71485F39315268622C34A81552214619CF4CF33BC68F7A973FED93B45D54BA7508C5A538D38CD502832AC1448094211C6C9C03CC3A1BC5ACE401B6B03FB1A8EA1183D22E778F42319054B1E662518560AA410A108E330CF70926286954A3432AC1458254211C691FF65AFACACD47D16468B1956DADCDCCCB052202508451887798613999D9DEDEAEAB2CFFADBD2D2C2ACBF400A118A300EF30CC793E4F3783CF661A51D1D1D0C2B05528E5084890A98677881FC27427373B37D58697777B7EE93027216A1081331CFB0181D1D6D6C6C0C8FA371B95C393279086030421126CA9D29155744C28F61A5801684224C545E5E2E7592EEB3D0C0EBF556555531AC14D08550848972679EE1E430AC143004A10813E54F2832AC14300AA10813A57F9E61FD18560A1888508489723B1419560A188B508489D23FA5A21E0C2B050C4728C244B9178AF661A52525250C2B05CC4428C244E99F673843E287957A3C1E869502C622146196175F7CB1205A96CE9821C927C5AE7D58A9A423C34A01C3118A30CBEEDDBBED89F8EEBBEFA67BC2E194F3FBFDCDCDCDE1597FABAAAABC5EAFEE93029014421166B97EFDFA0B2FBC10FE4997EDDBB767D1C84C9FCF671F562A719E45270F609E508481CACBCB55A8ECDBB72F5BFA4E25FC5C2E977D58697EFE4C1D90ED084518A7ABABEBF9E79F57A1D8D1D1A1FB7496D0DDDD2DC96D1F561A0804749F148015221461A2E2E262C9C5B2B2326347A6C889496033AC14C83184224C74F8F061491AA9BA749F8803869502398C50848924635E78E105D3FA2119560AE43C4211581AC34A813C4128028B61582990570845C019C34A813C4428025118560AE433421186BA9B40FA8E1833ACB4BCBC3C87E77404E08850842954E67D163237372715DB4C1C59281FA9755298917EBFBFA9A9293CACB4BABA9A61A5407E2214A15F380E25F326C7272E9F3ADDFD41CBD13777B6BCB1433579FBC98993FEB11B93939352CFDDB9734705E4EAA3D1E7F3D5D5D5D987950E0E0EA6F0AB01C82E8422740AC7A164E1476FD7543DFAF88F7FFBF77FF05BFFC5B1C9476FFCED3F4A580E0F0D050201094849C7E4A3B1A7A7A7A6A626FC947D6F6FAF5484E15F1E6F6C6C64D65F008422B4517128C126B5E086FBBE620FBF8D7FF697655FFF86EBF127A5C90B796B0F4B59B97973C5D8C8687C34263AD6E8E8686161E1C68D1BDBDADABABABAECC34ADD6E37C34A01288422F450893874A1E7C5AF7E4D45DD4F7EF70F763CB6F6ECDBBBA77A7BE70606629A2C3CB3738FAC104EC7C2AFFCF985D68F6EDCB82191363535353333932817E553093F9582E179A94A4B4B252019560AC08E5084062A113F3ED0AC12EEE9CFFFD7DA7FFD91BFEBE3F82C8C6FB29A948FB289AA298FEEDE3B3232323E3E2E25A3632E4A11B975EB56FBC4C5AFBCF20AC34A013822149169E14454C12695E2D0314F3271686F832DC7A45254817A64E76E9FCFE7F7FBE3735116869F380CDBB46913BFDF0DC011A1888C5289D8FD418B4AC437FEF61F1D3B4B9369B261F943DF54B928F5627C2E06028102275BB66C696B6BD37D250098885044E684EF23FEF40B5F92302BFBFA3766AE5E5D5922AA269B6F7AF061753FF2CCD1D6F85CDCB871A3632E969797EBBE18004C4428227324A5A6A6A654B767C1FD7F7AEBC205C7A81B693FD552BC498AC8AD0F3EAC9AEBF1274F96573AAE2C3B29F8D257D50E2FF5F40C0F0F8F8F8FCB51666767D3FAF337007212A1880C5165E2A14D5B25C07EF89F7ECFF13EA2249CE45FA2E714A5BE94B08CDF4A76253B9415DE7EF685FEFEFE919191402070E7CE9DC51FD2008078842232443DA1AF3A4EDFFBF1BFC767DB80BB457DBA78930A32BEC46C78EA27AA13F5DC9933B2A71B3782BF7DA31E5ED4FDBD016413421199A0CAC4A36FEE54D13571B67BFAF2657BEBFF55733289A8DACB5FFD5ACCE6B243F574C73B2FBDD2D7D7E7F3F9C6C7C72916012C17A1884C906492BAADECEBDF90DC723DFEA4947A31EDE58547F8936C526B46EDE1FC851D8FAD0D3EE0F13FBF7EFEFC797BB1482802481EA1884C507DA7EA318CB3AE3DFECE4E7F6747E86FA7BFA3E3D086C26525A26A525CCAB6D67E3A3ACFBEBD5B3D9ED1D97E528AC5E1E1E14020A086A1EAFEF600B206A1884C9064FAE4C449F51B3423C78EC534FB0F9F26DFA4E28CD98F1A6E7360A7EB524FCFD0D050B80755F7B7079035084564C2DCDCDC89BDF592581BFFEC2F3F6D3E186C079B553B595EB98244543F0B3EF8FEFBC19D2CEC50FD8C6A6D6999BD07550EADFBDB03C81A8422D24EDD506C7963871A3B7A65FF7E7B7BEFC7FFBEB2509416B32B75CFF2ED675F387BF66C7F7F3FB715012C17A188B4934C9A99993952B15D12ABEAD1C73FD9B3C7DE5CFFF04F2B0EC58F4A4AEDBB92C455A178E6CC99BEBEBE919111F5EB3684228024118A48BB9850F4EEDC696FAB0C45FBAE6242313CD68650049024421169670FC5F287BE195329AAE7EE57D6627615EE3E251401AC0CA188B453A1181E681373237035036D6276A57E55F59D975E211401AC0CA188B453A178A1F5A31F841EC9080E1955E34517DA0A1FC9F8877FB286B086869ECA6EC38F64108A0056865044DAA950F48FDD500FEF4B6918F37CE1CA1EDE97D2D0BE135571CA215A8E1C61A00D809521149176EA910CC92735F7E18EC7D6FA3B82BF41F31FB6BF25A19ECFE45BC3533F09FD964DC7C28FE374543DFAB82C7FF1AB5FFBE8A38F782403C0CA108AC884B9B939C9A7E6CD153F08FD20F8685B7BCC6F9FF6351E48FE07C137FFC55FDD3A1FB5B9EC50FD20F8F69F3C2BA1C8C3FB0056865044267CF6D96777EEDC191E1A924494E8AAFDD71FC54C73A126CA50D3052FDE828566D7C731DBAA591865E7EEE6E653A74E79BD5E7EE60DC00A108AC804158A93E313EFBCF4CA0F42930C0FB85B1C27195EE4090D89CC93E5958E1331AA2136954FFE48CA44FB281B4211C0B2108AC884F06DC591EBD7D5831305F7FFE9ADF3B1730587A3B1A57893147F5B1F7C583549CA333BF738AF7CFE82AA2F37DCF795962347A44C64EA28002B46282213D424C352B78D8F8F5F683BA93A51373DF8F0CCD5AB8E51976493CD377EEDAF54C7E9819D2E35C486498601AC18A1880C917C9A999991EA4D6AB8137BEBD5E319655FFF86D4852B4B44D9500D67955DD596964922AABB89E13291C914012C17A1880C09178B8140606464E4E8EEBD2A170BBEF4D5A1639EE526A26CA21EF95789D8DADAAA3A4EFBFBFB65E7E1BB8994890096855044E6A83B8B535353E3E3E3C3C3C3928BAA1FF587FFE9F7763CB636D12DC6983671B65B5656236B64737B22AAF135B2733904771301AC00A188CC51C5A2EA44F5FBFD3E9FEFCCD1D682FBFF540D2EFDF16FFF7ED5A38F9FD9B967FAF2E5F82C9485F291ACA09E475425E6819D2E7B22CA0E65B7E18E534211C072118AC8A8F85CBCD4D3F3CE4BAFD89FDC97D82BFCCA9F6F7AF061A908A5C90B791BCE4255206EFFC9B32D478EA80730484400A9422822D36272717878F8EAD5ABE7CE9CA92D2D93FC53FDA28E4D3EDAF8B5BF7AFBD917DCCDCD6A58CDD9B367BD5EAF6C2E3B211101AC1EA1080DECB9383E3E3E323232303020D59ED47C1D6DEDEEDD7BF76FAD90F00B37797B60A74B9586B2828A435520CA86B2B9EC844404B07A8422F408E7E2D4D4542010B871E386547B2A1A2FF5F448E09D0D3963A396C847B2828A43D9443694CD6527242280D52314A18DCAC5D9D9D9E02FC04D4E86A37168684802EFEAD5ABFDFDFD7D36F25616CA47B2828A435520CAE6B2131211C0EA118AD0E96E484C344AD4DDBC7953326F24643844BD9685F291AC20ABC5C421890860F50845E8678FC6999919958E4AC026BC505690D5884300294728C214E168147373732A2063C842F948AD431C024839421186BA9B80EEF30290CB084500002C8422000016421100000BA108008085500400C0422802006021140100B0108A000058084500002C8422000016421100000BA108008085500400C0422802006021140100B0108A000058084500002C8422000016421100000BA108008085500400C0F2FF01DB08D8E7162113AD0000000049454E44AE426082, '50009', 'qingkuan.png');
INSERT INTO `jbpm4_lob` VALUES ('50011', '0', 0x3C3F786D6C2076657273696F6E3D22312E302220656E636F64696E673D225554462D38223F3E0A0A3C70726F63657373206E616D653D2271696E676B75616E2220786D6C6E733D22687474703A2F2F6A62706D2E6F72672F342E342F6A70646C223E0A2020203C7374617274206E616D653D227374617274312220673D223137322C32342C34382C3438223E0A2020202020203C7472616E736974696F6E206E616D653D22746F20E68F90E4BAA4E794B3E8AFB72220746F3D22E68F90E4BAA4E794B3E8AFB72220673D222D36392C2D3232222F3E0A2020203C2F73746172743E0A2020203C656E64206E616D653D22656E64312220673D223230302C3338332C34382C3438222F3E0A2020203C7461736B206E616D653D22E68F90E4BAA4E794B3E8AFB72220673D223139312C39342C39322C3532222061737369676E65653D22237B6170706C69636174696F6E2E6170706C6963616E742E6C6F67696E4E616D657D223E0A2020202020203C7472616E736974696F6E206E616D653D22746F20E983A8E997A8E7BB8FE79086E5AEA1E689B92220746F3D22E983A8E997A8E7BB8FE79086E5AEA1E689B92220673D222D39332C2D3232222F3E0A2020203C2F7461736B3E0A2020203C7461736B206E616D653D22E983A8E997A8E7BB8FE79086E5AEA1E689B92220673D223136362C3137382C39322C3532222061737369676E65653D226C73223E0A2020202020203C7472616E736974696F6E206E616D653D22746F20E680BBE7BB8FE79086E5AEA1E689B92220746F3D22E680BBE7BB8FE79086E5AEA1E689B92220673D222D38312C2D3232222F3E0A2020202020203C7472616E736974696F6E206E616D653D22746F20656E64312220746F3D22656E64312220673D222D35302C2D3232222F3E0A2020203C2F7461736B3E0A2020203C7461736B206E616D653D22E680BBE7BB8FE79086E5AEA1E689B92220673D223336312C3239362C39322C3532222061737369676E65653D227777223E0A2020202020203C7472616E736974696F6E206E616D653D22746F20656E64312220746F3D22656E64312220673D222D35302C2D3232222F3E0A2020203C2F7461736B3E0D0A3C2F70726F636573733E, '50009', 'qingkuan.jpdl.xml');

-- ----------------------------
-- Table structure for `jbpm4_participation`
-- ----------------------------
DROP TABLE IF EXISTS `jbpm4_participation`;
CREATE TABLE `jbpm4_participation` (
  `DBID_` bigint(20) NOT NULL,
  `DBVERSION_` int(11) NOT NULL,
  `GROUPID_` varchar(255) DEFAULT NULL,
  `USERID_` varchar(255) DEFAULT NULL,
  `TYPE_` varchar(255) DEFAULT NULL,
  `TASK_` bigint(20) DEFAULT NULL,
  `SWIMLANE_` bigint(20) DEFAULT NULL,
  PRIMARY KEY (`DBID_`),
  KEY `FK_PART_SWIMLANE` (`SWIMLANE_`),
  KEY `FK_PART_TASK` (`TASK_`),
  KEY `IDX_PART_TASK` (`TASK_`),
  CONSTRAINT `FK_PART_SWIMLANE` FOREIGN KEY (`SWIMLANE_`) REFERENCES `jbpm4_swimlane` (`DBID_`),
  CONSTRAINT `FK_PART_TASK` FOREIGN KEY (`TASK_`) REFERENCES `jbpm4_task` (`DBID_`)
) ENGINE=InnoDB DEFAULT CHARSET=utf8;

-- ----------------------------
-- Records of jbpm4_participation
-- ----------------------------
INSERT INTO `jbpm4_participation` VALUES ('30015', '0', 'ww', null, 'candidate', '30014', null);
INSERT INTO `jbpm4_participation` VALUES ('30024', '0', 'ww', null, 'candidate', '30023', null);

-- ----------------------------
-- Table structure for `jbpm4_property`
-- ----------------------------
DROP TABLE IF EXISTS `jbpm4_property`;
CREATE TABLE `jbpm4_property` (
  `KEY_` varchar(255) NOT NULL,
  `VERSION_` int(11) NOT NULL,
  `VALUE_` varchar(255) DEFAULT NULL,
  PRIMARY KEY (`KEY_`)
) ENGINE=InnoDB DEFAULT CHARSET=utf8;

-- ----------------------------
-- Records of jbpm4_property
-- ----------------------------
INSERT INTO `jbpm4_property` VALUES ('next.dbid', '6', '60001');

-- ----------------------------
-- Table structure for `jbpm4_swimlane`
-- ----------------------------
DROP TABLE IF EXISTS `jbpm4_swimlane`;
CREATE TABLE `jbpm4_swimlane` (
  `DBID_` bigint(20) NOT NULL,
  `DBVERSION_` int(11) NOT NULL,
  `NAME_` varchar(255) DEFAULT NULL,
  `ASSIGNEE_` varchar(255) DEFAULT NULL,
  `EXECUTION_` bigint(20) DEFAULT NULL,
  PRIMARY KEY (`DBID_`),
  KEY `FK_SWIMLANE_EXEC` (`EXECUTION_`),
  KEY `IDX_SWIMLANE_EXEC` (`EXECUTION_`),
  CONSTRAINT `FK_SWIMLANE_EXEC` FOREIGN KEY (`EXECUTION_`) REFERENCES `jbpm4_execution` (`DBID_`)
) ENGINE=InnoDB DEFAULT CHARSET=utf8;

-- ----------------------------
-- Records of jbpm4_swimlane
-- ----------------------------

-- ----------------------------
-- Table structure for `jbpm4_task`
-- ----------------------------
DROP TABLE IF EXISTS `jbpm4_task`;
CREATE TABLE `jbpm4_task` (
  `DBID_` bigint(20) NOT NULL,
  `CLASS_` char(1) NOT NULL,
  `DBVERSION_` int(11) NOT NULL,
  `NAME_` varchar(255) DEFAULT NULL,
  `DESCR_` longtext,
  `STATE_` varchar(255) DEFAULT NULL,
  `SUSPHISTSTATE_` varchar(255) DEFAULT NULL,
  `ASSIGNEE_` varchar(255) DEFAULT NULL,
  `FORM_` varchar(255) DEFAULT NULL,
  `PRIORITY_` int(11) DEFAULT NULL,
  `CREATE_` datetime DEFAULT NULL,
  `DUEDATE_` datetime DEFAULT NULL,
  `PROGRESS_` int(11) DEFAULT NULL,
  `SIGNALLING_` bit(1) DEFAULT NULL,
  `EXECUTION_ID_` varchar(255) DEFAULT NULL,
  `ACTIVITY_NAME_` varchar(255) DEFAULT NULL,
  `HASVARS_` bit(1) DEFAULT NULL,
  `SUPERTASK_` bigint(20) DEFAULT NULL,
  `EXECUTION_` bigint(20) DEFAULT NULL,
  `PROCINST_` bigint(20) DEFAULT NULL,
  `SWIMLANE_` bigint(20) DEFAULT NULL,
  `TASKDEFNAME_` varchar(255) DEFAULT NULL,
  PRIMARY KEY (`DBID_`),
  KEY `FK_TASK_SWIML` (`SWIMLANE_`),
  KEY `FK_TASK_SUPERTASK` (`SUPERTASK_`),
  KEY `IDX_TASK_SUPERTASK` (`SUPERTASK_`),
  CONSTRAINT `FK_TASK_SUPERTASK` FOREIGN KEY (`SUPERTASK_`) REFERENCES `jbpm4_task` (`DBID_`),
  CONSTRAINT `FK_TASK_SWIML` FOREIGN KEY (`SWIMLANE_`) REFERENCES `jbpm4_swimlane` (`DBID_`)
) ENGINE=InnoDB DEFAULT CHARSET=utf8;

-- ----------------------------
-- Records of jbpm4_task
-- ----------------------------
INSERT INTO `jbpm4_task` VALUES ('30014', 'T', '1', '总经理审批', null, 'open', null, null, null, '0', '2018-04-27 10:57:38', null, null, '', 'qingjia.30008', '总经理审批', '', null, '30008', '30008', null, '总经理审批');
INSERT INTO `jbpm4_task` VALUES ('30023', 'T', '1', '总经理审批', null, 'open', null, null, null, '0', '2018-04-27 11:52:54', null, null, '', 'qingjia.30017', '总经理审批', '', null, '30017', '30017', null, '总经理审批');
INSERT INTO `jbpm4_task` VALUES ('50020', 'T', '1', '部门经理审批', null, 'open', null, 'ls', null, '0', '2018-04-27 13:15:28', null, null, '', 'qingkuan.50016', '部门经理审批', '', null, '50016', '50016', null, '部门经理审批');
INSERT INTO `jbpm4_task` VALUES ('50026', 'T', '1', '部门经理审批', null, 'open', null, 'ls', null, '0', '2018-04-27 13:36:28', null, null, '', 'qingkuan.50022', '部门经理审批', '', null, '50022', '50022', null, '部门经理审批');

-- ----------------------------
-- Table structure for `jbpm4_variable`
-- ----------------------------
DROP TABLE IF EXISTS `jbpm4_variable`;
CREATE TABLE `jbpm4_variable` (
  `DBID_` bigint(20) NOT NULL,
  `CLASS_` varchar(255) NOT NULL,
  `DBVERSION_` int(11) NOT NULL,
  `KEY_` varchar(255) DEFAULT NULL,
  `CONVERTER_` varchar(255) DEFAULT NULL,
  `HIST_` bit(1) DEFAULT NULL,
  `EXECUTION_` bigint(20) DEFAULT NULL,
  `TASK_` bigint(20) DEFAULT NULL,
  `LOB_` bigint(20) DEFAULT NULL,
  `DATE_VALUE_` datetime DEFAULT NULL,
  `DOUBLE_VALUE_` double DEFAULT NULL,
  `CLASSNAME_` varchar(255) DEFAULT NULL,
  `LONG_VALUE_` bigint(20) DEFAULT NULL,
  `STRING_VALUE_` varchar(255) DEFAULT NULL,
  `TEXT_VALUE_` longtext,
  `EXESYS_` bigint(20) DEFAULT NULL,
  PRIMARY KEY (`DBID_`),
  KEY `FK_VAR_EXESYS` (`EXESYS_`),
  KEY `FK_VAR_LOB` (`LOB_`),
  KEY `FK_VAR_TASK` (`TASK_`),
  KEY `FK_VAR_EXECUTION` (`EXECUTION_`),
  KEY `IDX_VAR_EXESYS` (`EXESYS_`),
  KEY `IDX_VAR_TASK` (`TASK_`),
  KEY `IDX_VAR_EXECUTION` (`EXECUTION_`),
  KEY `IDX_VAR_LOB` (`LOB_`),
  CONSTRAINT `FK_VAR_EXECUTION` FOREIGN KEY (`EXECUTION_`) REFERENCES `jbpm4_execution` (`DBID_`),
  CONSTRAINT `FK_VAR_EXESYS` FOREIGN KEY (`EXESYS_`) REFERENCES `jbpm4_execution` (`DBID_`),
  CONSTRAINT `FK_VAR_LOB` FOREIGN KEY (`LOB_`) REFERENCES `jbpm4_lob` (`DBID_`),
  CONSTRAINT `FK_VAR_TASK` FOREIGN KEY (`TASK_`) REFERENCES `jbpm4_task` (`DBID_`)
) ENGINE=InnoDB DEFAULT CHARSET=utf8;

-- ----------------------------
-- Records of jbpm4_variable
-- ----------------------------
INSERT INTO `jbpm4_variable` VALUES ('30009', 'hib-long', '0', 'application', null, '', '30008', null, null, null, null, 'com.java.oa.domain.Application', '4', null, null, null);
INSERT INTO `jbpm4_variable` VALUES ('30018', 'hib-long', '0', 'application', null, '', '30017', null, null, null, null, 'com.java.oa.domain.Application', '5', null, null, null);
INSERT INTO `jbpm4_variable` VALUES ('50017', 'hib-long', '0', 'application', null, '', '50016', null, null, null, null, 'com.java.oa.domain.Application', '11', null, null, null);
INSERT INTO `jbpm4_variable` VALUES ('50023', 'hib-long', '0', 'application', null, '', '50022', null, null, null, null, 'com.java.oa.domain.Application', '12', null, null, null);

-- ----------------------------
-- Table structure for `privilege`
-- ----------------------------
DROP TABLE IF EXISTS `privilege`;
CREATE TABLE `privilege` (
  `id` bigint(20) NOT NULL AUTO_INCREMENT,
  `url` varchar(255) DEFAULT NULL,
  `name` varchar(255) DEFAULT NULL,
  `parentId` bigint(20) DEFAULT NULL,
  PRIMARY KEY (`id`),
  KEY `FKA1FAF6B18CFBC3C9` (`parentId`),
  CONSTRAINT `FKA1FAF6B18CFBC3C9` FOREIGN KEY (`parentId`) REFERENCES `privilege` (`id`)
) ENGINE=InnoDB AUTO_INCREMENT=27 DEFAULT CHARSET=utf8;

-- ----------------------------
-- Records of privilege
-- ----------------------------
INSERT INTO `privilege` VALUES ('1', null, '系统管理', null);
INSERT INTO `privilege` VALUES ('2', '/role_list', '岗位管理', '1');
INSERT INTO `privilege` VALUES ('3', '/department_list', '部门管理', '1');
INSERT INTO `privilege` VALUES ('4', '/user_list', '用户管理', '1');
INSERT INTO `privilege` VALUES ('5', '/role_list', '岗位列表', '2');
INSERT INTO `privilege` VALUES ('6', '/role_delete', '岗位删除', '2');
INSERT INTO `privilege` VALUES ('7', '/role_add', '岗位添加', '2');
INSERT INTO `privilege` VALUES ('8', '/role_edit', '岗位修改', '2');
INSERT INTO `privilege` VALUES ('9', '/department_list', '部门列表', '3');
INSERT INTO `privilege` VALUES ('10', '/department_delete', '部门删除', '3');
INSERT INTO `privilege` VALUES ('11', '/department_add', '部门添加', '3');
INSERT INTO `privilege` VALUES ('12', '/department_edit', '部门修改', '3');
INSERT INTO `privilege` VALUES ('13', '/user_list', '用户列表', '4');
INSERT INTO `privilege` VALUES ('14', '/user_delete', '用户删除', '4');
INSERT INTO `privilege` VALUES ('15', '/user_add', '用户添加', '4');
INSERT INTO `privilege` VALUES ('16', '/user_edit', '用户修改', '4');
INSERT INTO `privilege` VALUES ('17', '/user_initPassword', '用户初始化密码', '4');
INSERT INTO `privilege` VALUES ('18', null, '网上交流', null);
INSERT INTO `privilege` VALUES ('19', '/forumManage_list', '论坛管理', '18');
INSERT INTO `privilege` VALUES ('20', '/forum_list', '论坛', '18');
INSERT INTO `privilege` VALUES ('21', null, '审批流转', null);
INSERT INTO `privilege` VALUES ('22', '/processDefinition_list', '审批流程管理', '21');
INSERT INTO `privilege` VALUES ('23', '/template_list', '申请模板管理', '21');
INSERT INTO `privilege` VALUES ('24', '/flow_templateList', '起草申请', '21');
INSERT INTO `privilege` VALUES ('25', '/flow_myTaskList', '待我审批', '21');
INSERT INTO `privilege` VALUES ('26', '/flow_myApplicationList', '我的申请查询', '21');

-- ----------------------------
-- Table structure for `reply`
-- ----------------------------
DROP TABLE IF EXISTS `reply`;
CREATE TABLE `reply` (
  `id` bigint(20) NOT NULL AUTO_INCREMENT,
  `ipAddr` varchar(255) DEFAULT NULL,
  `content` longtext,
  `postTime` datetime DEFAULT NULL,
  `authorId` bigint(20) DEFAULT NULL,
  `deleted` bit(1) DEFAULT NULL,
  `topicId` bigint(20) DEFAULT NULL,
  PRIMARY KEY (`id`),
  KEY `FK67612EA4318330C` (`topicId`),
  KEY `FK67612EA7ACE91FE` (`authorId`),
  CONSTRAINT `FK67612EA4318330C` FOREIGN KEY (`topicId`) REFERENCES `topic` (`id`),
  CONSTRAINT `FK67612EA7ACE91FE` FOREIGN KEY (`authorId`) REFERENCES `user` (`id`)
) ENGINE=InnoDB AUTO_INCREMENT=13 DEFAULT CHARSET=utf8;

-- ----------------------------
-- Records of reply
-- ----------------------------
INSERT INTO `reply` VALUES ('1', '127.0.0.1', '阿萨德', '2018-04-24 14:22:17', '3', '', '2');
INSERT INTO `reply` VALUES ('2', '127.0.0.1', '阿斯达所多', '2018-04-24 14:22:20', '3', '', '2');
INSERT INTO `reply` VALUES ('3', '127.0.0.1', '为', '2018-04-24 14:31:53', '3', '', '2');
INSERT INTO `reply` VALUES ('4', '127.0.0.1', '<span style=\"color: rgb(255, 0, 0);\"><u><em><strong>&nbsp;委屈二群翁</strong></em></u></span>', '2018-04-24 14:41:26', '3', '', '2');
INSERT INTO `reply` VALUES ('5', '127.0.0.1', '&nbsp;阿萨德撒多', '2018-04-24 15:23:46', '3', '', '2');
INSERT INTO `reply` VALUES ('6', '127.0.0.1', '&nbsp;阿斯达所多阿萨德asd', '2018-04-24 15:23:50', '3', '', '2');
INSERT INTO `reply` VALUES ('7', '127.0.0.1', '&nbsp;12312313', '2018-04-24 15:23:53', '3', '', '2');
INSERT INTO `reply` VALUES ('8', '127.0.0.1', '&nbsp;123122312312231', '2018-04-24 15:23:57', '3', '', '2');
INSERT INTO `reply` VALUES ('9', '127.0.0.1', '&nbsp;123123123213122312312', '2018-04-24 15:24:00', '3', '', '2');
INSERT INTO `reply` VALUES ('10', '127.0.0.1', '&nbsp;13123123123123123123123213123', '2018-04-24 15:24:05', '3', '', '2');
INSERT INTO `reply` VALUES ('11', '127.0.0.1', '&nbsp;123123123123123123', '2018-04-24 15:24:09', '3', '', '2');
INSERT INTO `reply` VALUES ('12', '127.0.0.1', '&nbsp;请问驱蚊器翁二群二', '2018-04-24 15:24:14', '3', '', '2');

-- ----------------------------
-- Table structure for `role`
-- ----------------------------
DROP TABLE IF EXISTS `role`;
CREATE TABLE `role` (
  `id` bigint(20) NOT NULL AUTO_INCREMENT,
  `name` varchar(255) DEFAULT NULL,
  `description` varchar(255) DEFAULT NULL,
  PRIMARY KEY (`id`)
) ENGINE=InnoDB AUTO_INCREMENT=3 DEFAULT CHARSET=utf8;

-- ----------------------------
-- Records of role
-- ----------------------------
INSERT INTO `role` VALUES ('1', '2222', '22222 ');
INSERT INTO `role` VALUES ('2', '去23', '123123问问为');

-- ----------------------------
-- Table structure for `role_privilege`
-- ----------------------------
DROP TABLE IF EXISTS `role_privilege`;
CREATE TABLE `role_privilege` (
  `privilegeId` bigint(20) NOT NULL,
  `roleId` bigint(20) NOT NULL,
  PRIMARY KEY (`roleId`,`privilegeId`),
  KEY `FK45FBD62856084C10` (`privilegeId`),
  KEY `FK45FBD628EE3976D4` (`roleId`),
  CONSTRAINT `FK45FBD62856084C10` FOREIGN KEY (`privilegeId`) REFERENCES `privilege` (`id`),
  CONSTRAINT `FK45FBD628EE3976D4` FOREIGN KEY (`roleId`) REFERENCES `role` (`id`)
) ENGINE=InnoDB DEFAULT CHARSET=utf8;

-- ----------------------------
-- Records of role_privilege
-- ----------------------------
INSERT INTO `role_privilege` VALUES ('1', '1');
INSERT INTO `role_privilege` VALUES ('1', '2');
INSERT INTO `role_privilege` VALUES ('2', '1');
INSERT INTO `role_privilege` VALUES ('3', '1');
INSERT INTO `role_privilege` VALUES ('3', '2');
INSERT INTO `role_privilege` VALUES ('4', '1');
INSERT INTO `role_privilege` VALUES ('5', '1');
INSERT INTO `role_privilege` VALUES ('6', '1');
INSERT INTO `role_privilege` VALUES ('7', '1');
INSERT INTO `role_privilege` VALUES ('8', '1');
INSERT INTO `role_privilege` VALUES ('9', '1');
INSERT INTO `role_privilege` VALUES ('9', '2');
INSERT INTO `role_privilege` VALUES ('10', '1');
INSERT INTO `role_privilege` VALUES ('10', '2');
INSERT INTO `role_privilege` VALUES ('11', '1');
INSERT INTO `role_privilege` VALUES ('11', '2');
INSERT INTO `role_privilege` VALUES ('12', '1');
INSERT INTO `role_privilege` VALUES ('12', '2');
INSERT INTO `role_privilege` VALUES ('13', '1');
INSERT INTO `role_privilege` VALUES ('14', '1');
INSERT INTO `role_privilege` VALUES ('15', '1');
INSERT INTO `role_privilege` VALUES ('16', '1');
INSERT INTO `role_privilege` VALUES ('17', '1');
INSERT INTO `role_privilege` VALUES ('18', '1');
INSERT INTO `role_privilege` VALUES ('18', '2');
INSERT INTO `role_privilege` VALUES ('19', '1');
INSERT INTO `role_privilege` VALUES ('19', '2');
INSERT INTO `role_privilege` VALUES ('20', '1');
INSERT INTO `role_privilege` VALUES ('20', '2');
INSERT INTO `role_privilege` VALUES ('21', '1');
INSERT INTO `role_privilege` VALUES ('21', '2');
INSERT INTO `role_privilege` VALUES ('22', '1');
INSERT INTO `role_privilege` VALUES ('22', '2');
INSERT INTO `role_privilege` VALUES ('23', '1');
INSERT INTO `role_privilege` VALUES ('23', '2');
INSERT INTO `role_privilege` VALUES ('24', '1');
INSERT INTO `role_privilege` VALUES ('24', '2');
INSERT INTO `role_privilege` VALUES ('25', '1');
INSERT INTO `role_privilege` VALUES ('25', '2');
INSERT INTO `role_privilege` VALUES ('26', '1');
INSERT INTO `role_privilege` VALUES ('26', '2');

-- ----------------------------
-- Table structure for `template`
-- ----------------------------
DROP TABLE IF EXISTS `template`;
CREATE TABLE `template` (
  `id` bigint(20) NOT NULL AUTO_INCREMENT,
  `name` varchar(255) DEFAULT NULL,
  `processKey` varchar(255) DEFAULT NULL,
  `path` varchar(255) DEFAULT NULL,
  PRIMARY KEY (`id`)
) ENGINE=InnoDB AUTO_INCREMENT=5 DEFAULT CHARSET=utf8;

-- ----------------------------
-- Records of template
-- ----------------------------
INSERT INTO `template` VALUES ('3', 'qingjia', 'qingjia', 'F:\\apache-tomcat\\apache-tomcat-6.0.41\\webapps\\oaTYG\\WEB-INF\\upload_files/2018/04/27/1d065ce1-ac9b-4c83-a716-26a7802d42a9');
INSERT INTO `template` VALUES ('4', '请款', 'qingkuan', 'F:\\apache-tomcat\\apache-tomcat-6.0.41\\webapps\\oaTYG\\WEB-INF\\upload_files/2018/04/27/bf3a7d63-ae9f-47ae-9935-ff4e8d652370');

-- ----------------------------
-- Table structure for `topic`
-- ----------------------------
DROP TABLE IF EXISTS `topic`;
CREATE TABLE `topic` (
  `id` bigint(20) NOT NULL AUTO_INCREMENT,
  `ipAddr` varchar(255) DEFAULT NULL,
  `content` longtext,
  `postTime` datetime DEFAULT NULL,
  `authorId` bigint(20) DEFAULT NULL,
  `title` varchar(255) DEFAULT NULL,
  `type` int(11) DEFAULT NULL,
  `replyCount` int(11) DEFAULT NULL,
  `lastUpdateTime` datetime DEFAULT NULL,
  `forumId` bigint(20) DEFAULT NULL,
  `lastReplyId` bigint(20) DEFAULT NULL,
  PRIMARY KEY (`id`),
  UNIQUE KEY `lastReplyId` (`lastReplyId`),
  KEY `FK696CD2FD531B46C` (`lastReplyId`),
  KEY `FK696CD2F7ACE91FE` (`authorId`),
  KEY `FK696CD2F5DDD7E70` (`forumId`),
  CONSTRAINT `FK696CD2F5DDD7E70` FOREIGN KEY (`forumId`) REFERENCES `forum` (`id`),
  CONSTRAINT `FK696CD2F7ACE91FE` FOREIGN KEY (`authorId`) REFERENCES `user` (`id`),
  CONSTRAINT `FK696CD2FD531B46C` FOREIGN KEY (`lastReplyId`) REFERENCES `reply` (`id`)
) ENGINE=InnoDB AUTO_INCREMENT=16 DEFAULT CHARSET=utf8;

-- ----------------------------
-- Records of topic
-- ----------------------------
INSERT INTO `topic` VALUES ('1', '127.0.0.1', '嘻嘻嘻嘻xx', '2018-04-24 13:51:50', '3', '新手报到', '0', '0', '2018-04-24 13:51:50', '11', null);
INSERT INTO `topic` VALUES ('2', '127.0.0.1', '第二次报到第二次报到第二次报到第二次报到第二次报到第二次报到第二次报到第二次报到第二次报到第二次报到', '2018-04-24 13:54:40', '3', '第二次报到', '2', '12', '2018-04-24 15:24:14', '11', '12');
INSERT INTO `topic` VALUES ('3', '127.0.0.1', '精华帖', '2018-04-24 13:55:11', '3', '第三次报到', '0', '0', '2018-04-24 13:55:11', '11', null);
INSERT INTO `topic` VALUES ('4', '127.0.0.1', '&nbsp;四版块四版块四版块', '2018-04-24 15:21:42', '3', '第四版块', '0', '0', '2018-04-24 15:21:42', '11', null);
INSERT INTO `topic` VALUES ('5', '127.0.0.1', '&nbsp;主题5主题5主题5主题5', '2018-04-24 15:22:14', '3', '主题5', '0', '0', '2018-04-24 15:22:14', '11', null);
INSERT INTO `topic` VALUES ('6', '127.0.0.1', '&nbsp;主题6主题6主题6主题6', '2018-04-24 15:22:23', '3', '主题6', '0', '0', '2018-04-24 15:22:23', '11', null);
INSERT INTO `topic` VALUES ('7', '127.0.0.1', '&nbsp;主题7主题7主题7主题7', '2018-04-24 15:22:33', '3', '主题7', '0', '0', '2018-04-24 15:22:33', '11', null);
INSERT INTO `topic` VALUES ('8', '127.0.0.1', '&nbsp;主题8主题8主题8主题8', '2018-04-24 15:22:40', '3', '主题8', '0', '0', '2018-04-24 15:22:40', '11', null);
INSERT INTO `topic` VALUES ('9', '127.0.0.1', '&nbsp;主题9主题9主题9', '2018-04-24 15:22:47', '3', '主题9', '0', '0', '2018-04-24 15:22:47', '11', null);
INSERT INTO `topic` VALUES ('10', '127.0.0.1', '&nbsp;主题9主题9主题9主题9主题9', '2018-04-24 15:22:54', '3', '主题10', '0', '0', '2018-04-24 15:22:54', '11', null);
INSERT INTO `topic` VALUES ('11', '127.0.0.1', '&nbsp;主题11主题11主题11', '2018-04-24 15:23:04', '3', '主题11', '0', '0', '2018-04-24 15:23:04', '11', null);
INSERT INTO `topic` VALUES ('12', '127.0.0.1', '&nbsp;主题12主题12主题12', '2018-04-24 15:23:15', '3', '主题12', '0', '0', '2018-04-24 15:23:15', '11', null);
INSERT INTO `topic` VALUES ('13', '127.0.0.1', '&nbsp;主题13主题13主题13', '2018-04-24 15:23:25', '3', '主题13', '0', '0', '2018-04-24 15:23:25', '11', null);
INSERT INTO `topic` VALUES ('14', '127.0.0.1', '&nbsp;主题14主题14主题14主题14', '2018-04-24 15:23:33', '3', '主题14', '0', '0', '2018-04-24 15:23:33', '11', null);
INSERT INTO `topic` VALUES ('15', '127.0.0.1', '&nbsp;主题15主题15主题15主题15', '2018-04-24 15:23:39', '3', '主题15', '0', '0', '2018-04-24 15:23:39', '11', null);

-- ----------------------------
-- Table structure for `user`
-- ----------------------------
DROP TABLE IF EXISTS `user`;
CREATE TABLE `user` (
  `id` bigint(20) NOT NULL AUTO_INCREMENT,
  `loginName` varchar(255) DEFAULT NULL,
  `password` varchar(255) DEFAULT NULL,
  `name` varchar(255) DEFAULT NULL,
  `gender` varchar(255) DEFAULT NULL,
  `phoneNumber` varchar(255) DEFAULT NULL,
  `email` varchar(255) DEFAULT NULL,
  `description` varchar(255) DEFAULT NULL,
  `departmentId` bigint(20) DEFAULT NULL,
  PRIMARY KEY (`id`),
  KEY `FK36EBCBF44B07CC` (`departmentId`),
  CONSTRAINT `FK36EBCBF44B07CC` FOREIGN KEY (`departmentId`) REFERENCES `department` (`id`)
) ENGINE=InnoDB AUTO_INCREMENT=12 DEFAULT CHARSET=utf8;

-- ----------------------------
-- Records of user
-- ----------------------------
INSERT INTO `user` VALUES ('1', 'zs', '81dc9bdb52d04dc20036dbd8313ed055', '张三', '男', '啊啊', '', '', '7');
INSERT INTO `user` VALUES ('2', '456', '81dc9bdb52d04dc20036dbd8313ed055', '请问去问问群', null, '请问委屈', '驱蚊器', '', '6');
INSERT INTO `user` VALUES ('3', 'admin', '21232f297a57a5a743894a0e4a801fc3', '超级管理员', null, null, null, null, null);
INSERT INTO `user` VALUES ('4', 'ls', '81dc9bdb52d04dc20036dbd8313ed055', '李四', null, '', '', '', '6');
INSERT INTO `user` VALUES ('5', 'ww', '81dc9bdb52d04dc20036dbd8313ed055', '王五', null, '', '', '', '6');
INSERT INTO `user` VALUES ('6', '324234', '81dc9bdb52d04dc20036dbd8313ed055', '123', null, '', '', '', '12');
INSERT INTO `user` VALUES ('7', '3244双人位', '81dc9bdb52d04dc20036dbd8313ed055', '', null, '', '', '', null);
INSERT INTO `user` VALUES ('8', '闻味儿', '81dc9bdb52d04dc20036dbd8313ed055', '', null, '', '', '', '12');
INSERT INTO `user` VALUES ('9', '闻味儿', '81dc9bdb52d04dc20036dbd8313ed055', '', null, '', '', '', '7');
INSERT INTO `user` VALUES ('10', '沃尔沃双方都', '81dc9bdb52d04dc20036dbd8313ed055', '', null, '', '', '', '7');
INSERT INTO `user` VALUES ('11', '是的冯绍峰', '81dc9bdb52d04dc20036dbd8313ed055', '', null, '', '', '', '15');

-- ----------------------------
-- Table structure for `user_role`
-- ----------------------------
DROP TABLE IF EXISTS `user_role`;
CREATE TABLE `user_role` (
  `roleId` bigint(20) NOT NULL,
  `userId` bigint(20) NOT NULL,
  PRIMARY KEY (`userId`,`roleId`),
  KEY `FK143BF46AEE3976D4` (`roleId`),
  KEY `FK143BF46AF38ECC3E` (`userId`),
  CONSTRAINT `FK143BF46AEE3976D4` FOREIGN KEY (`roleId`) REFERENCES `role` (`id`),
  CONSTRAINT `FK143BF46AF38ECC3E` FOREIGN KEY (`userId`) REFERENCES `user` (`id`)
) ENGINE=InnoDB DEFAULT CHARSET=utf8;

-- ----------------------------
-- Records of user_role
-- ----------------------------
INSERT INTO `user_role` VALUES ('1', '2');
INSERT INTO `user_role` VALUES ('1', '4');
INSERT INTO `user_role` VALUES ('1', '5');
INSERT INTO `user_role` VALUES ('2', '1');
INSERT INTO `user_role` VALUES ('2', '4');
INSERT INTO `user_role` VALUES ('2', '5');
